What is your PRIMARY MAJOR?,"Internship, field experience, co-op, or practicum",ParticipateServiceL,ParticipateCService,ParticipateStudyAbroadSemester,SJ1,SJ2,SJ3,SJ4,SJ5,SJ6,SJ7,SJ8,DA1,DA2,DA3,DA4,DA5,LocalRole,LocalFinance,LocalTime,GlobalRole,GlobalFinance,GlobalTime,Your gender?
39,,,1,,2,3,4,4,2,2,5,5,3,5,2,4,4,,,,,,,2
13,1,,1,,3,2,2,2,3,3,4,4,2,3,1,5,4,,,,,,,1
52,,1,1,,3,3,3,3,3,3,3,3,3,3,3,3,3,,,,,,,2
29,,,,,4,4,4,3,4,4,5,4,2,4,1,4,3,,,,,,,2
63,,,1,,2,2,4,4,3,3,4,4,2,4,3,4,4,,,,,,,1
26,1,,,1,2,1,2,1,4,4,5,5,2,4,2,4,3,2,4,3,2,4,3,2
20,1,,1,,3,3,3,3,3,3,3,3,3,3,3,3,3,,,,,,,2
42,1,1,1,,1,1,1,1,3,4,3,4,2,3,1,4,4,,,,,,,1
18,1,1,1,,1,2,2,1,4,5,5,5,2,1,2,5,5,,,,,,,2
63,1,,1,,1,1,3,1,2,4,4,4,2,1,1,5,5,,,,,,,1
3,,,1,,2,3,2,2,4,4,4,4,2,2,1,4,4,,,,,,,1
49,1,1,1,,2,2,3,4,3,3,4,5,2,3,3,5,4,,,,,,,2
9,1,,,,3,3,3,2,3,3,5,4,2,3,2,2,4,,,,,,,1
26,1,,1,1,2,1,2,2,4,4,4,5,4,3,3,3,4,4,4,4,4,3,4,1
24,1,,,,2,2,3,2,4,3,5,4,3,3,2,4,4,,,,,,,2
23,,1,1,1,3,3,3,3,3,4,4,5,1,1,1,5,5,,,,,,,1
69,1,,1,,1,1,1,2,4,4,3,5,2,1,1,5,5,2,2,2,4,4,4,1
2,1,,1,,1,1,2,2,4,4,4,5,2,3,2,4,4,,,,,,,1
10,,,,,1,1,1,4,4,1,1,1,1,1,1,1,1,,,,,,,1
5,1,1,1,,3,3,3,2,4,4,4,4,2,3,1,5,5,,,,,,,1
49,1,,1,,2,2,2,2,3,3,4,4,1,2,1,4,4,,,,,,,1
17,1,,1,,3,2,2,2,4,4,4,4,4,4,4,4,4,4,4,4,4,4,4,1
26,1,,1,,2,1,2,2,4,4,4,5,2,2,2,5,5,5,4,5,4,4,4,1
63,,,,,1,1,1,1,5,5,5,5,2,1,1,5,4,,,,,,,2
5,1,,,,1,1,2,2,3,3,4,5,1,1,2,4,5,,,,,,,2
18,1,1,1,,2,2,2,2,3,4,4,4,2,4,2,4,4,,,,,,,1
3,,,1,,4,2,2,3,3,4,4,4,1,2,1,5,5,,,,,,,1
54,1,1,1,,2,1,2,1,4,4,4,5,1,3,1,4,4,,,,,,,2
42,,,1,,1,1,2,1,5,5,5,5,1,1,1,5,5,,,,,,,1
17,1,,1,,4,4,4,4,5,5,5,4,2,5,2,3,3,2,2,2,3,2,2,1
24,,,,,3,3,4,2,3,4,5,5,2,3,1,4,4,,,,,,,2
54,1,1,1,,4,3,3,2,4,4,4,5,4,4,2,4,3,,,,,,,1
24,,,1,,2,3,3,3,4,4,4,4,2,2,2,4,3,,,,,,,2
10,1,,1,,3,1,3,3,4,4,4,3,1,3,2,4,4,,,,,,,1
62,1,1,1,,1,2,2,3,4,4,4,5,4,2,2,5,5,,,,,,,1
52,1,,,,3,3,3,3,3,4,4,4,2,3,2,3,4,,,,,,,2
27,1,1,1,,2,2,3,2,5,4,4,4,2,3,2,5,5,,,,,,,1
23,1,,,,4,3,4,5,1,3,4,5,2,3,2,4,4,,,,,,,2
24,1,,,,2,2,4,2,3,4,4,4,2,2,1,5,4,,,,,,,2
12,,1,1,,3,3,3,2,4,2,5,4,2,3,4,5,4,,,,,,,2
5,1,,,,4,3,3,3,2,2,2,3,2,3,2,4,4,,,,,,,1
51,1,1,1,,2,2,4,2,3,3,4,5,4,2,2,5,3,2,1,1,2,1,1,2
3,1,,,,2,3,3,3,4,4,4,4,3,4,3,3,3,,,,,,,2
30,1,,1,,1,3,4,1,3,4,5,2,2,2,1,5,4,,,,,,,2
46,1,1,1,,4,2,4,4,4,2,5,4,1,4,1,5,5,,,,,,,1
10,,1,1,,2,2,2,2,4,4,4,4,2,4,2,5,5,,,,,,,1
63,1,,1,,3,3,5,1,3,1,1,5,1,3,1,5,5,,,,,,,2
47,1,1,1,,3,1,2,2,3,,,,,,,,,,,,,,,1
19,1,,1,,3,3,3,2,3,3,4,4,3,3,2,3,3,4,3,3,4,3,3,1
42,1,1,1,,1,1,2,1,4,4,4,5,2,2,2,5,5,,,,,,,1
62,,,1,,4,2,3,2,4,4,5,4,3,4,2,4,4,,,,,,,1
68,,1,,,1,1,3,4,3,3,4,5,2,3,2,4,4,3,2,2,3,2,2,2
12,1,,1,,3,2,4,4,4,2,5,3,5,5,5,1,2,,,,,,,2
37,,,1,,3,3,3,2,3,4,4,4,2,3,3,4,4,2,3,3,4,4,4,1
62,1,,1,1,2,2,3,1,4,4,4,4,2,4,1,5,4,,,,,,,1
5,,,1,,4,2,4,3,3,3,5,4,2,3,2,4,4,,,,,,,1
17,1,,1,1,1,1,2,1,3,4,5,4,3,3,1,5,5,4,3,4,4,3,4,1
27,1,1,1,,2,1,2,2,3,4,4,4,2,2,1,5,5,,,,,,,1
62,,,,,2,2,2,2,3,3,4,3,3,4,2,4,3,,,,,,,1
39,,,,,1,1,1,1,4,4,3,5,1,1,1,5,5,,,,,,,2
69,1,,1,,1,1,3,2,3,4,4,5,2,2,1,5,3,3,2,3,4,3,3,1
42,1,1,,,1,1,3,1,4,3,2,5,2,3,1,4,4,,,,,,,1
63,1,,1,,1,1,3,2,4,4,5,5,2,2,2,5,5,,,,,,,1
8,,,1,,2,2,2,3,3,3,4,4,2,2,2,4,4,,,,,,,2
16,,,,,2,1,3,2,3,4,4,5,2,2,2,5,5,2,3,2,2,3,2,2
37,1,,,,1,1,3,2,4,4,5,5,3,4,3,4,3,2,3,3,5,3,3,1
1,1,,,,4,2,2,2,2,2,4,4,2,4,2,4,4,,,,,,,1
42,1,1,,,2,2,3,1,2,3,4,5,3,4,2,4,3,,,,,,,1
46,1,,1,,3,2,4,4,3,3,3,4,1,3,2,4,4,,,,,,,1
63,1,1,1,,2,1,3,4,4,4,4,5,2,2,1,5,5,,,,,,,2
6,,,1,,4,2,3,4,2,3,4,4,3,3,3,3,4,4,3,3,5,4,5,1
63,1,,1,,2,1,3,5,2,4,4,5,1,3,1,5,5,,,,,,,1
40,,,,,4,4,3,3,3,3,4,4,3,3,3,3,3,,,,,,,2
63,,,,,4,2,3,2,4,4,4,5,2,3,2,4,4,,,,,,,2
24,,1,,1,4,3,3,3,4,3,4,4,1,3,2,4,4,,,,,,,2
37,1,,,,2,3,2,2,3,4,4,4,2,2,2,4,4,2,2,3,4,4,4,1
5,1,,,,1,1,3,3,3,4,3,4,2,3,2,4,4,,,,,,,1
63,,,,,1,1,3,1,5,4,5,5,2,2,1,5,4,,,,,,,1
55,1,,1,,2,3,3,3,4,3,4,4,1,3,2,3,4,3,4,4,3,3,3,2
42,,,1,,2,3,3,1,2,3,3,3,3,2,2,4,4,,,,,,,1
17,1,,1,,1,1,1,1,4,4,4,5,1,2,2,5,5,5,3,4,5,3,4,1
24,1,,1,,3,2,2,2,2,3,5,4,2,3,2,4,4,,,,,,,2
54,1,,1,,2,2,3,2,3,3,5,4,2,3,2,4,4,,,,,,,1
45,1,,1,,2,1,2,3,3,4,5,5,2,2,2,5,5,,,,,,,1
19,1,,,,3,4,4,4,5,4,3,3,4,4,3,3,4,4,3,3,3,3,4,2
10,,1,1,,1,1,3,2,2,3,3,5,1,3,1,5,5,,,,,,,1
26,1,,1,,2,2,3,2,3,3,4,5,2,3,1,5,5,5,4,5,5,4,4,2
17,,1,,,4,2,3,2,4,4,4,5,2,3,1,3,5,3,3,3,3,2,3,2
69,1,,1,,2,2,2,1,3,3,5,4,2,3,1,5,5,5,5,4,5,5,5,2
13,1,,,,3,1,5,2,4,5,4,5,2,1,1,5,5,,,,,,,2
39,1,,,,1,1,3,1,4,3,4,5,2,3,1,5,4,,,,,,,2
19,1,1,,,1,1,3,2,3,4,4,5,2,2,1,5,5,4,4,4,4,4,4,1
63,,1,1,,1,1,2,2,4,4,4,4,1,1,1,3,5,,,,,,,2
10,1,,1,,4,3,3,1,4,3,5,4,4,4,2,4,3,,,,,,,1
3,,,,,4,3,3,2,3,3,4,4,3,5,2,5,4,,,,,,,1
51,,1,1,,4,3,3,4,2,2,3,3,2,3,4,3,4,4,3,4,4,3,3,2
23,,,1,,3,2,3,3,3,4,3,4,2,3,1,5,5,,,,,,,1
39,1,,,,4,2,4,2,4,4,5,4,1,2,2,5,5,,,,,,,2
19,1,1,,,3,2,4,2,4,3,4,2,3,4,3,5,3,2,3,2,3,3,3,1
24,1,,1,,1,2,2,3,4,4,5,5,1,2,2,4,5,,,,,,,2
62,1,,1,1,1,1,3,1,5,4,4,5,2,2,2,5,5,,,,,,,1
19,1,1,1,,2,3,3,2,3,4,4,4,2,4,2,3,3,4,3,3,3,3,3,2
19,1,1,1,,4,4,5,4,2,1,5,4,3,4,2,4,4,4,2,4,4,2,4,1
16,1,,1,,3,1,3,3,3,4,4,4,3,4,3,4,4,4,4,3,2,3,3,1
5,1,,1,,1,1,2,1,4,4,4,4,1,3,2,4,4,,,,,,,1
39,,,1,,4,3,3,4,4,4,4,4,3,4,2,4,4,,,,,,,2
25,1,1,1,,3,3,3,2,5,4,4,5,3,2,2,5,4,,,,,,,2
16,1,,,,4,4,4,4,4,4,4,4,4,4,4,4,4,3,3,3,3,3,3,2
17,,1,1,,4,2,3,2,3,3,4,4,4,4,3,4,4,4,4,4,4,4,4,1
51,,,,,5,4,5,4,3,3,3,4,1,3,2,3,4,3,3,3,3,3,3,2
16,1,,1,,2,2,3,2,3,4,4,4,4,3,2,4,3,3,3,3,3,3,3,2
27,1,,1,,2,1,3,1,4,5,5,5,2,4,2,5,5,,,,,,,1
12,1,,1,,1,4,3,3,3,4,4,5,2,2,1,5,4,,,,,,,2
29,1,,1,,2,2,2,2,2,2,2,2,2,2,2,2,2,,,,,,,2
63,1,,1,,1,1,2,1,3,3,3,3,2,2,1,5,4,,,,,,,1
68,1,,1,,3,3,3,3,3,5,5,5,2,4,1,5,4,5,1,1,5,1,1,2
68,,,,,3,2,4,4,1,2,1,2,4,5,4,3,3,3,1,1,1,1,1,2
1,1,,1,,2,1,3,2,3,2,3,4,2,4,1,4,3,,,,,,,2
43,1,,1,,3,4,4,3,3,3,3,3,3,4,3,3,3,,,,,,,2
1,,,1,,2,2,3,2,3,,,,,,3,4,4,,,,,,,1
24,1,1,,,2,2,4,3,3,3,3,5,2,3,2,5,5,,,,,,,2
55,,,1,,4,5,5,5,1,4,5,2,4,4,2,4,4,4,3,4,4,2,2,2
16,1,,,,1,1,3,1,3,3,4,4,2,2,2,4,3,3,4,4,3,4,4,2
51,1,1,1,,2,2,3,2,4,4,4,2,4,2,2,4,4,5,2,2,5,1,2,1
52,1,,1,,3,2,3,2,4,4,2,5,1,1,1,5,5,,,,,,,2
10,,1,1,,1,1,3,1,5,5,4,5,1,1,1,5,5,,,,,,,2
5,1,,,,1,1,3,2,2,2,2,5,2,1,1,5,5,,,,,,,1
26,1,,,,4,2,3,1,5,4,5,5,2,4,2,4,4,4,2,4,4,2,4,1
63,1,,1,,2,3,5,4,3,3,5,5,2,3,2,4,4,,,,,,,1
17,,,1,,2,2,3,2,3,3,4,3,3,3,2,4,4,4,3,4,4,3,3,1
62,,,,,4,4,3,3,2,4,5,5,1,3,1,5,5,,,,,,,1
39,,,,,1,1,2,4,5,5,5,5,1,3,1,5,4,,,,,,,2
1,1,1,,,2,2,2,2,2,3,4,3,2,4,2,4,4,,,,,,,1
17,1,,1,,3,3,3,4,3,3,4,3,2,2,2,5,4,3,3,3,4,3,3,1
23,,,,,1,2,3,2,4,4,5,5,4,4,2,4,2,,,,,,,2
69,1,,1,,2,2,3,2,3,2,5,4,1,2,2,4,4,2,2,3,4,4,5,2
60,1,,1,,1,1,3,2,4,4,4,5,1,2,2,5,4,,,,,,,2
19,1,1,1,,2,2,2,4,5,1,5,4,4,4,2,4,3,1,2,2,2,2,2,2
1,,,1,,3,3,3,2,3,3,4,4,2,2,3,4,4,,,,,,,2
10,1,,1,,2,2,2,2,4,4,5,4,2,2,2,4,3,,,,,,,1
26,1,,1,,2,1,2,2,2,2,4,5,2,3,4,4,4,4,2,4,4,4,4,1
27,1,1,1,,1,1,2,1,3,4,4,4,2,1,1,4,5,,,,,,,1
16,1,,,,3,3,3,3,3,3,3,3,3,3,3,3,3,3,3,3,3,3,3,2
26,1,,1,,2,2,3,2,3,4,4,5,2,3,3,4,4,4,4,4,4,4,4,1
51,1,1,1,,2,2,3,1,4,4,4,4,1,1,1,4,5,5,5,5,5,5,5,1
5,,,1,,2,3,2,2,3,1,4,3,2,2,2,5,4,,,,,,,1
54,,,1,,2,2,3,2,3,3,3,4,2,3,2,4,4,,,,,,,2
3,1,,1,,4,3,3,3,4,4,4,4,2,3,2,4,4,,,,,,,1
9,,1,1,,1,1,3,1,5,5,5,5,1,1,1,5,5,,,,,,,1
39,,,,,2,2,2,2,3,3,4,4,2,2,2,4,3,,,,,,,2
8,,,1,,3,1,3,1,3,3,5,5,2,3,1,4,5,,,,,,,1
17,1,1,1,,3,3,4,3,3,3,3,5,2,2,2,5,5,5,3,5,4,4,4,1
6,1,,1,,2,1,1,1,1,3,4,5,1,1,1,5,5,4,2,4,3,3,4,1
68,1,1,1,,1,1,3,2,4,3,5,5,2,4,2,4,5,3,2,3,3,2,3,2
30,1,1,1,,2,2,3,2,3,3,3,4,4,2,2,3,2,,,,,,,2
63,,1,,,2,1,2,2,3,3,2,5,2,2,1,5,5,,,,,,,1
13,,,1,,3,3,4,4,1,2,4,2,1,2,1,5,5,,,,,,,1
24,,,1,,2,4,5,3,5,5,5,4,2,3,1,3,2,,,,,,,2
13,,,,,3,3,4,4,2,2,3,2,1,3,2,4,4,,,,,,,2
66,,,,,1,1,1,1,4,4,3,4,3,3,3,5,4,,,,,,,1
3,1,,,,2,2,3,2,3,3,3,3,3,3,2,4,4,,,,,,,1
42,,,,,,,,,,,,,,,,,,,,,,,,
29,,,,,,,,,,,,,,,,,,,,,,,,
16,,,,,,,,,,,,,,,,,,,,,,,,
52,1,1,1,,2,2,3,3,4,4,4,4,3,2,1,5,5,,,,,,,1
29,,,,,,,,,,,,,,,,,,,,,,,,
1,,,1,,3,2,2,2,3,3,3,3,,,,,,,,,,,,
58,,,,,,,,,,,,,,,,,,,,,,,,
24,1,,1,,2,3,4,2,3,4,4,5,1,2,2,4,4,,,,,,,2
24,,,1,,2,3,5,5,1,4,1,4,5,1,1,5,2,,,,,,,2
69,,,1,,1,1,2,1,5,4,5,5,1,1,1,5,5,,,,,,,1
13,1,1,,,1,1,3,2,3,4,3,3,4,4,2,3,2,,,,,,,2
63,,,1,,3,3,3,3,3,3,3,3,3,3,3,3,3,,,,,,,2
26,1,,1,1,1,1,3,1,4,4,4,5,1,3,1,5,5,,,,,,,1
26,1,,1,,2,2,3,3,4,4,4,4,2,2,2,3,3,3,1,2,1,1,1,1
41,,,,,,,,,,,,,,,,,,,,,,,,
41,1,1,1,,3,4,4,3,4,3,4,3,2,3,3,4,4,,,,,,,1
52,,1,1,,3,4,3,4,4,4,5,5,1,2,1,5,5,,,,,,,2
66,,,,,,,,,,,,,,,,,,,,,,,,
16,,,,,,,,,,,,,,,,,,,,,,,,
37,1,,,,3,2,3,2,3,3,3,3,3,4,3,3,3,,,,,,,2
67,,,,,,,,,,,,,,,,,,,,,,,,
10,,,,,,,,,,,,,,,,,,,,,,,,
20,,,,,,,,,,,,,,,,,,,,,,,,
10,,1,,,1,1,1,1,4,4,4,5,3,2,1,5,4,,,,,,,1
28,1,,,,4,3,2,3,3,4,4,4,2,2,3,4,4,,,,,,,1
42,1,1,1,1,1,2,2,1,4,3,4,5,1,1,2,5,5,,,,,,,1
1,1,,1,,2,3,2,3,1,4,5,4,3,3,3,4,4,,,,,,,2
17,,,,,1,1,2,3,2,3,3,4,1,1,1,5,4,4,3,4,5,3,4,2
51,,1,1,,2,1,3,2,3,4,5,4,2,3,2,4,5,3,1,1,3,5,4,2
69,1,1,1,,1,1,2,1,4,4,4,5,2,3,2,4,4,3,3,4,4,3,4,1
19,1,1,1,,2,2,3,3,2,2,4,3,2,4,4,4,3,3,4,2,3,1,1,2
63,,,1,,3,3,3,4,4,4,3,5,2,1,1,5,5,,,,,,,1
69,1,,1,,4,3,2,1,3,4,4,4,2,4,2,4,3,4,4,4,4,4,4,2
62,1,,,,2,1,3,1,3,3,5,4,1,3,1,4,3,,,,,,,2
12,1,,,,3,2,3,3,3,4,3,4,2,3,2,4,4,,,,,,,1
26,1,,1,,2,1,2,1,3,4,3,4,3,4,3,3,3,2,1,2,4,3,4,1
55,1,1,,,3,5,5,4,4,3,3,4,2,4,2,3,4,4,4,4,3,4,2,2
1,1,1,1,,2,1,3,4,3,4,4,4,2,1,1,5,5,,,,,,,1
49,,,1,,2,2,4,2,3,1,4,4,1,2,1,5,5,,,,,,,2
6,1,,1,,3,2,4,2,4,3,3,4,4,3,2,5,4,2,3,4,4,3,3,1
24,,,,,,,,,,,,,,,,,,,,,,,,
26,1,,,,2,2,2,2,2,3,4,4,4,2,2,4,4,3,4,4,4,4,4,1
19,1,,1,,2,1,2,2,4,4,5,3,2,3,2,4,4,3,2,3,4,4,3,2
63,,,1,,2,1,2,1,3,4,4,5,1,2,1,5,5,,,,,,,1
3,,,,,4,5,3,2,2,4,4,5,4,5,3,3,4,,,,,,,1
39,,,1,,2,2,4,3,3,3,4,3,1,1,1,5,5,,,,,,,2
21,,,1,1,3,3,3,3,3,4,4,3,3,3,2,4,4,,,,,,,1
49,,,,,3,1,3,2,3,4,5,5,2,3,1,5,4,,,,,,,2
8,1,,1,1,4,3,4,3,3,3,3,3,3,3,3,3,3,,,,,,,1
70,1,1,1,,3,3,4,3,3,3,3,3,3,3,3,3,3,,,,,,,2
42,1,1,1,,1,1,2,1,4,4,5,5,2,4,2,3,3,,,,,,,1
43,1,1,1,,2,2,3,2,3,3,4,4,4,3,3,4,4,,,,,,,1
19,,1,,,3,3,3,3,2,4,2,3,2,3,2,4,3,4,4,4,3,2,2,2
36,,,,,3,3,3,3,3,3,3,3,3,3,3,3,3,,,,,,,2
16,1,1,1,1,2,1,2,1,2,3,4,5,4,4,2,5,5,4,3,3,4,5,3,1
63,,,1,,2,2,4,2,2,3,4,4,4,3,2,4,4,,,,,,,1
47,,,,,2,1,3,3,2,3,4,4,2,2,2,4,4,,,,,,,1
16,1,,1,,1,3,4,4,3,4,4,3,1,2,2,4,5,4,3,4,4,3,4,1
1,1,,1,,2,3,2,1,1,3,2,5,3,3,2,4,4,,,,,,,1
41,1,,,,4,4,4,4,3,3,5,4,4,5,3,5,4,,,,,,,2
12,1,,,,5,5,4,5,5,5,5,3,2,5,3,4,5,,,,,,,2
66,1,1,1,,3,2,4,3,4,3,4,4,2,2,1,4,4,,,,,,,1
43,1,,1,,2,2,2,2,3,4,4,4,2,3,3,4,4,,,,,,,1
29,1,,1,,2,3,4,1,4,4,4,5,1,2,1,5,5,,,,,,,1
52,1,,1,,1,1,4,1,4,4,3,4,1,2,1,5,5,,,,,,,1
51,,1,1,,2,2,3,2,3,3,4,4,2,2,2,5,5,4,4,3,4,4,4,1
66,1,1,1,,2,2,2,1,1,1,1,3,1,1,3,4,4,,,,,,,2
23,,,1,,3,2,3,3,2,3,3,3,3,4,3,4,3,,,,,,,2
18,1,,,,1,1,3,4,3,4,3,5,3,4,2,5,4,,,,,,,2
6,1,,1,,2,2,3,3,4,4,4,5,2,3,2,4,4,4,3,4,4,3,3,1
49,1,,1,,1,1,1,1,4,4,4,4,2,2,2,4,5,,,,,,,1
17,1,1,1,,2,2,3,2,3,4,5,4,2,4,3,4,3,4,4,4,4,4,4,1
6,1,,1,,3,3,4,3,5,4,4,5,1,2,1,5,5,3,3,3,4,3,3,2
52,1,1,1,,2,2,2,2,3,3,4,5,1,2,2,5,4,,,,,,,1
6,1,1,1,,2,1,3,1,5,5,5,5,4,2,2,4,5,5,5,5,5,5,5,2
12,1,,,,1,1,2,2,5,3,5,5,2,2,1,5,4,,,,,,,2
5,1,,1,,3,2,2,2,3,3,3,4,2,2,2,4,5,,,,,,,1
39,,,,,2,3,4,2,4,5,5,5,1,2,3,4,4,,,,,,,2
51,,1,,,4,3,3,4,3,3,4,5,4,3,3,4,5,4,3,4,4,3,4,2
3,1,,1,,3,2,4,,3,3,3,4,4,5,3,3,4,,,,,,,2
6,1,1,,,3,3,4,2,2,3,3,5,2,3,2,3,4,4,3,4,3,3,3,2
1,1,,1,,1,1,1,1,5,4,4,5,3,2,1,3,4,,,,,,,2
1,,,,,3,2,4,3,3,3,2,5,2,4,4,4,4,,,,,,,1
49,1,,1,1,1,2,3,3,3,4,4,3,1,2,2,4,4,,,,,,,2
1,,,,,3,1,3,3,4,4,4,5,2,2,1,4,5,,,,,,,2
52,1,,1,,3,3,2,2,3,2,4,4,3,3,2,4,3,,,,,,,1
43,1,,1,,3,2,3,3,2,3,4,4,3,5,3,3,2,,,,,,,1
51,,,1,,1,1,3,2,4,4,4,5,2,1,1,5,5,5,4,5,4,4,5,2
66,,1,,,2,1,3,2,5,4,4,5,1,2,1,5,5,,,,,,,2
39,1,,1,,2,1,1,1,3,3,4,4,2,4,2,4,4,,,,,,,2
62,1,,1,,1,1,1,1,5,5,3,5,2,3,2,4,4,,,,,,,2
38,,,,,1,1,2,2,2,3,4,5,1,1,1,5,5,,,,,,,1
1,,,,,3,2,3,4,3,4,4,5,2,3,2,4,4,,,,,,,2
41,,,,,3,2,2,2,4,4,4,1,3,3,2,4,4,,,,,,,1
10,1,1,1,,2,2,3,5,4,4,4,4,3,4,2,4,3,,,,,,,2
16,,,1,,2,1,2,4,4,4,4,4,2,4,4,4,4,4,4,4,5,5,5,2
49,1,1,1,,1,1,1,1,5,5,5,5,2,2,1,5,5,,,,,,,1
29,1,,,,3,2,3,2,,3,3,5,1,3,2,4,4,,,,,,,2
16,,,1,,2,3,3,2,3,5,5,4,4,4,3,4,4,4,4,4,3,3,3,1
19,1,1,,,3,2,4,1,4,1,1,4,3,3,3,4,1,3,1,1,3,1,1,2
26,,,,,3,3,4,4,3,3,3,5,2,3,2,5,4,4,3,4,4,3,4,2
42,1,1,1,,3,2,2,2,4,3,2,3,3,3,2,4,4,,,,,,,1
22,1,,1,,3,3,4,2,2,2,2,4,2,4,3,3,3,,,,,,,2
58,1,,,,2,4,3,3,2,2,2,5,2,3,2,4,4,,,,,,,1
29,,,1,,3,3,3,2,3,4,4,5,4,3,1,5,5,,,,,,,2
16,,,1,,3,3,3,2,3,4,3,4,3,3,3,4,4,4,3,3,4,3,3,2
69,1,,1,,2,2,3,2,3,3,4,4,3,3,2,3,3,3,3,3,4,3,3,2
26,1,,1,,1,3,2,4,3,3,4,4,1,2,2,5,5,4,3,4,3,3,4,1
16,,,,,3,3,3,3,3,3,3,3,3,,3,3,3,3,3,3,3,3,3,2
16,1,1,1,,2,2,3,2,3,3,3,3,3,3,2,4,4,3,3,3,3,3,3,2
19,,1,,,3,4,4,3,2,4,4,4,3,3,3,4,4,4,3,3,2,2,2,2
54,,,,,3,3,3,3,3,3,3,3,3,3,2,4,4,,,,,,,1
60,1,,,,1,1,1,2,4,4,5,4,2,4,2,4,4,,,,,,,1
39,,,1,,4,1,2,2,4,4,5,5,2,4,1,4,4,,,,,,,2
40,1,1,1,,3,3,4,2,4,4,5,4,3,3,2,5,4,,,,,,,2
51,1,1,,,2,3,3,3,3,3,3,4,2,3,2,3,4,3,3,3,3,3,3,2
11,1,,1,,2,2,3,3,4,3,4,5,2,3,3,4,4,,,,,,,2
24,1,1,,,3,2,2,1,2,3,5,5,1,2,1,5,5,,,,,,,2
29,,,,,2,1,1,1,4,4,5,5,2,4,2,4,3,,,,,,,2
27,1,1,1,,2,2,4,2,4,4,4,4,3,2,2,4,4,,,,,,,2
41,,,,,,,,,,,,,,,,,,,,,,,,
12,,,,,1,2,4,1,4,5,4,5,3,2,2,5,5,,,,,,,2
13,1,,,,3,3,3,2,3,4,4,4,4,4,2,4,3,,,,,,,2
17,,,,,2,2,3,3,4,4,5,5,2,3,2,5,5,2,3,3,4,3,3,2
17,,1,,,4,4,5,4,4,4,5,4,3,4,2,4,4,4,2,2,4,3,4,2
24,1,1,1,,3,3,2,2,3,,,,,,,,,,,,,,,2
69,1,1,,,1,1,3,3,3,3,4,5,1,1,1,5,5,5,4,5,5,3,4,2
16,,,,,4,3,3,3,3,3,4,4,2,3,2,3,4,3,3,4,3,3,3,2
41,1,,,,1,1,3,2,3,4,3,5,2,1,1,5,5,,,,,,,2
29,,,,,,,,,,,,,,,,,,,,,,,,
16,,,,,3,3,3,3,3,3,3,3,3,3,3,3,3,3,3,3,3,3,3,2
12,1,,,,3,3,3,3,3,2,3,3,3,3,2,4,3,,,,,,,2
5,,,,,2,1,1,2,3,4,4,4,1,4,3,4,4,,,,,,,1
16,1,,,,4,4,4,4,4,4,4,4,4,4,4,4,4,4,4,4,4,4,4,2
43,1,1,1,,2,2,2,1,3,4,4,5,1,1,1,5,5,,,,,,,1
51,1,1,,,2,2,3,3,4,4,5,4,3,4,3,3,3,2,2,2,4,3,3,2
10,,,1,,4,3,3,1,3,4,4,4,3,4,2,4,5,,,,,,,1
23,,,1,,2,2,2,1,2,4,4,2,2,3,1,5,4,,,,,,,2
10,,,1,,4,3,2,3,2,2,3,3,3,4,2,2,4,,,,,,,1
51,,1,1,,4,4,3,2,4,4,4,4,2,3,2,4,4,4,3,3,4,3,3,2
26,,,,,1,1,3,1,3,4,5,5,3,2,2,5,4,4,4,3,4,3,4,2
39,,,,,2,1,2,1,3,2,4,4,2,3,2,4,4,,,,,,,2
54,,,1,,4,4,3,4,3,2,4,4,3,4,2,4,4,,,,,,,2
35,,,,,,,,,,,,,,,,,,,,,,,,
63,1,,1,,2,1,1,1,3,5,4,2,1,3,3,4,4,,,,,,,1
1,1,,1,,3,3,3,3,4,4,4,4,3,4,2,4,4,,,,,,,1
29,,,1,,1,3,3,2,5,5,4,4,2,2,1,4,5,,,,,,,2
51,,1,,,5,4,4,3,3,3,4,4,5,5,5,1,1,1,1,1,2,1,1,2
16,1,1,1,,,,,,,,,,,,,,,5,5,5,5,5,5,1
43,1,,1,,1,1,1,1,4,4,4,4,2,3,2,4,4,,,,,,,1
16,,,,,2,2,3,2,3,4,4,4,4,3,2,4,3,3,3,3,3,3,3,2
13,1,,,,4,3,4,4,4,4,4,3,2,4,2,4,4,,,,,,,2
23,1,,1,,2,2,2,2,2,4,4,4,3,3,2,4,4,,,,,,,2
41,,,,,,,,,,,,,,,,,,,,,,,,
3,1,,,,2,2,2,3,3,3,4,5,1,3,1,4,4,,,,,,,2
51,,1,1,,2,1,3,3,3,3,5,4,1,3,1,3,4,4,4,4,4,4,4,1
10,1,,1,,3,2,4,2,3,3,3,5,2,2,2,4,4,,,,,,,1
13,1,,1,,,,,,,,,,,,,,,,,,,,,
55,,,,,,,,,,,,,,,,,,,,,,,,
51,,,1,,3,3,2,3,3,3,2,4,2,3,2,4,4,3,3,3,4,3,3,1
16,,,,,,,,,,,,,,,,,,,,,,,,
49,1,,,,2,2,3,3,4,4,3,5,3,3,2,5,5,,,,,,,1
29,,,,,2,2,2,2,3,3,4,4,2,3,2,4,4,,,,,,,2
24,,,,,3,3,4,2,3,3,3,2,3,4,2,4,3,,,,,,,2
55,1,,1,,4,3,5,5,5,5,5,5,2,4,3,4,4,2,3,2,4,4,3,2
16,,,1,,3,4,5,4,3,4,4,3,3,3,2,3,3,2,2,2,4,4,4,2
4,,1,1,,4,2,4,3,4,4,5,5,1,2,2,3,4,,,,,,,2
55,1,,,,2,2,2,2,4,4,4,4,3,3,3,3,3,3,3,3,3,3,3,2
26,,,1,,1,1,3,1,4,4,5,5,5,3,2,5,5,3,4,3,5,3,5,2
66,,1,,,1,2,1,1,4,4,4,4,3,4,2,4,4,,,,,,,2
29,1,1,1,,2,2,2,2,2,2,4,3,2,4,2,4,3,,,,,,,2
16,1,,1,1,3,2,3,2,3,4,5,5,3,2,2,5,5,4,3,4,4,3,4,2
51,1,1,1,,4,2,3,2,4,4,5,4,3,4,2,4,4,4,2,4,3,2,4,2
43,1,,1,,3,3,3,3,1,3,5,3,2,2,2,4,4,,,,,,,2
16,,,1,,3,2,2,2,3,4,5,5,2,2,1,5,5,4,3,3,5,5,5,1
39,,1,,,2,2,3,3,3,4,4,5,1,3,1,5,4,,,,,,,2
17,1,,,,3,3,3,3,3,4,4,4,2,3,2,4,4,4,3,3,4,3,3,1
20,1,1,1,,5,5,4,3,4,2,5,3,3,3,3,4,4,,,,,,,2
17,1,,1,,3,1,1,1,3,3,3,3,3,3,1,5,5,3,2,3,3,3,3,1
13,1,,,,2,2,3,4,3,3,2,5,3,3,3,4,4,,,,,,,2
33,1,,1,,1,1,1,1,4,3,4,4,2,3,2,4,4,,,,,,,2
5,1,,,,4,3,4,4,3,2,4,5,2,2,2,4,4,,,,,,,1
66,,1,,,2,1,1,1,4,4,5,5,2,3,1,5,5,,,,,,,2
29,1,,1,,2,2,2,2,2,2,2,3,2,4,1,1,3,,,,,,,2
46,,,,,3,3,3,3,3,5,5,5,1,1,1,5,5,,,,,,,2
70,1,1,1,,2,3,3,3,4,3,4,4,4,3,4,4,5,,,,,,,2
24,1,,,,4,3,4,5,3,4,4,5,2,4,2,5,5,,,,,,,2
24,1,,,,2,2,3,4,3,3,4,4,2,3,2,4,4,,,,,,,2
16,1,,1,,1,1,1,2,4,5,2,5,1,1,1,5,5,5,4,5,,,,2
8,1,,1,,2,2,4,2,3,5,3,5,1,1,1,5,5,,,,,,,1
8,1,,,,1,1,3,1,3,4,5,5,3,4,2,5,4,,,,,,,2
29,,,,,4,2,5,2,3,3,3,3,3,3,1,5,5,,,,,,,2
26,1,1,1,,1,1,1,1,4,4,5,4,1,1,1,5,4,5,3,3,4,3,3,1
66,,,,,,,,,,,,,,,,,,,,,,,,
62,1,,1,,2,2,2,1,4,4,4,4,3,3,2,4,4,,,,,,,1
8,,,,,3,2,3,3,3,3,5,4,3,3,3,3,3,,,,,,,2
2,,,1,,1,3,4,3,3,3,4,5,2,3,1,4,3,,,,,,,2
6,1,1,1,,5,4,4,1,3,3,4,4,2,4,2,5,5,4,2,3,4,2,3,1
51,1,,,,3,4,3,2,2,3,2,5,1,1,1,5,5,4,4,4,2,2,2,1
66,1,1,,,4,4,4,4,4,3,3,3,3,3,4,4,4,,,,,,,2
51,,1,,,3,2,4,5,4,4,5,5,4,5,2,4,5,4,3,3,4,4,4,2
28,1,1,1,,3,2,2,2,3,3,3,3,3,3,3,3,3,,,,,,,2
66,,,,,1,1,1,1,3,4,5,5,4,4,2,4,4,,,,,,,2
49,,,1,,2,1,2,2,4,4,5,4,4,3,2,4,4,,,,,,,1
3,1,,,,2,2,2,3,2,4,4,4,2,3,2,4,4,,,,,,,2
42,1,1,1,,3,2,2,2,3,4,4,4,2,3,2,4,4,,,,,,,1
10,1,,1,,3,1,1,3,5,5,3,5,2,3,2,5,5,,,,,,,1
27,1,1,1,,1,1,2,1,4,5,5,5,2,3,2,5,5,,,,,,,
55,1,,1,,1,1,3,2,5,5,5,5,2,4,2,4,3,2,5,2,4,5,2,2
49,,,,,1,1,2,1,3,2,4,5,2,3,1,5,5,,,,,,,1
16,,,,,,,,,,,,,,,,,,,,,,,,
52,,,1,,1,1,2,1,5,4,4,5,3,3,2,4,4,,,,,,,2
36,1,1,1,,3,3,1,4,4,4,4,4,1,3,2,4,4,,,,,,,2
16,,,,,,,,,,,,,,,,,,,,,,,,
31,1,1,1,,,,,,,,,,,,,,,,,,,,,
8,,,,,,,,,,,,,,,,,,,,,,,,
29,,,,,,,,,,,,,,,,,,,,,,,,
6,,,,,3,3,3,3,3,3,3,3,3,3,3,3,3,3,3,3,3,3,3,1
16,1,,,,3,3,4,2,1,1,3,4,2,4,2,4,3,4,4,4,3,1,3,2
24,1,,,,3,3,3,3,3,4,5,2,2,4,2,4,4,,,,,,,2
42,1,,1,,4,3,4,2,3,4,5,3,3,4,4,4,4,5,5,5,5,3,4,1
7,,,1,1,2,1,3,1,3,3,4,5,1,2,2,5,4,3,3,4,3,4,3,2
1,1,1,1,,4,2,4,2,2,2,4,5,2,3,2,4,4,3,3,3,3,3,3,2
17,1,1,1,,2,2,2,2,4,4,5,4,4,2,2,4,5,5,5,5,5,5,5,1
7,1,,1,1,3,2,2,1,4,3,3,5,1,2,1,5,5,3,3,3,4,3,4,1
43,,1,1,,3,2,3,2,4,4,4,4,2,3,3,3,4,4,4,4,2,4,3,1
63,1,1,1,,1,2,3,1,3,4,2,4,1,2,1,5,5,5,3,5,2,2,3,1
62,1,,1,,1,5,3,5,4,2,5,4,1,1,1,5,5,5,3,5,5,1,1,2
46,,,,,3,1,3,3,3,3,3,3,3,3,3,3,3,1,1,1,1,1,1,2
7,1,1,1,,2,2,3,3,3,4,5,2,4,3,3,4,4,4,3,4,4,5,5,1
10,,,1,,2,2,3,1,4,4,4,4,3,3,2,4,4,3,3,4,3,2,3,1
49,,,1,,5,4,4,3,4,4,5,4,4,3,2,4,3,3,2,2,5,2,2,2
5,,,1,,2,3,3,2,4,4,4,4,3,3,2,4,4,3,4,4,3,3,3,1
62,,,,,2,2,3,2,5,5,5,5,2,3,2,5,4,5,5,5,5,5,5,2
66,1,,1,,1,1,3,1,3,4,4,5,4,2,3,5,5,4,3,4,5,5,5,2
9,,,1,,3,2,3,3,4,3,4,3,2,3,2,3,3,3,3,4,3,3,3,1
48,,,,,3,3,3,2,4,3,4,3,2,3,2,4,4,3,3,3,3,3,3,1
63,,,1,,1,1,1,1,4,4,5,5,2,2,1,5,5,4,2,5,4,3,4,1
1,1,,,,1,1,2,2,5,5,5,5,3,2,2,5,5,4,4,4,4,4,4,1
39,,,1,,3,2,3,2,2,3,3,4,2,3,2,4,4,3,3,3,3,3,3,2
24,,,,,3,4,5,5,3,4,5,5,2,1,1,5,5,3,3,3,5,5,5,2
53,1,1,1,1,3,4,4,3,5,4,5,4,2,2,2,4,4,4,4,4,5,4,4,2
7,,,1,,3,2,3,2,2,4,4,2,2,5,4,3,3,3,3,4,5,2,2,1
51,,1,1,,3,4,4,1,4,4,4,4,1,1,1,5,5,4,4,4,4,3,3,1
55,1,1,,,2,3,4,2,3,2,4,3,2,3,2,3,2,2,2,2,4,2,2,2
16,1,,1,,2,2,3,2,3,5,5,5,3,2,1,5,5,5,3,5,5,3,5,1
62,,,1,,3,2,3,2,1,2,5,4,1,3,1,4,4,3,4,4,2,2,2,2
20,1,1,,,2,1,3,2,2,2,4,5,1,3,2,3,3,2,2,4,4,4,2,2
68,,1,1,,2,2,2,4,3,3,4,5,2,3,2,4,5,4,4,4,5,4,5,1
20,1,,1,,4,3,2,1,4,5,5,4,3,4,1,4,3,5,5,5,4,4,4,1
19,1,,1,,2,1,3,2,5,4,4,4,3,3,2,4,4,2,4,3,4,4,4,2
14,1,,1,,2,2,2,2,4,4,4,4,2,4,2,5,5,2,2,2,2,2,2,1
43,1,,1,,3,3,2,2,3,3,4,4,2,3,2,4,4,3,3,3,4,3,3,1
52,1,1,1,1,4,3,3,4,3,3,3,4,2,1,1,5,5,4,3,4,3,2,2,1
10,,,1,,3,4,2,4,4,4,4,4,2,4,3,5,4,4,3,4,4,3,4,1
7,,,1,,1,2,2,2,2,4,4,5,4,4,3,4,5,3,4,4,3,4,4,1
9,,,1,,3,3,3,3,4,4,4,2,3,4,2,4,4,4,3,4,3,3,4,1
25,1,,,,2,3,3,1,2,4,4,5,1,1,1,5,5,4,3,4,4,4,3,2
14,1,,,,4,3,5,4,2,2,3,5,3,4,2,4,4,2,4,4,2,4,4,2
4,1,,1,,2,2,3,1,3,4,4,5,2,2,1,5,5,5,5,5,5,5,5,1
19,1,1,,,2,2,4,2,3,2,4,3,1,3,1,4,3,2,4,3,3,3,3,1
63,1,,1,,4,4,3,2,3,2,5,4,4,3,4,4,4,3,4,4,3,4,3,2
55,1,,1,,1,1,1,1,3,4,5,4,1,2,2,4,4,4,4,4,4,4,4,2
54,1,,1,,1,1,2,2,3,4,4,4,2,2,2,4,4,4,3,4,5,4,5,1
31,,,,,3,2,3,2,3,4,4,4,3,4,3,4,3,3,4,4,5,5,5,1
10,,,1,,4,2,2,4,3,3,4,4,2,4,3,4,4,4,4,4,4,3,4,1
16,1,,1,,4,3,4,3,4,3,4,3,3,3,3,4,3,4,4,4,4,4,3,2
29,1,,1,,4,4,5,4,3,4,3,4,3,3,3,3,3,3,2,3,2,2,2,2
16,1,,1,,4,2,3,3,3,3,3,3,3,3,3,3,3,3,3,4,3,3,3,1
16,,1,1,,3,2,3,3,3,3,3,4,2,2,2,4,3,3,3,3,4,4,4,2
17,1,1,1,,2,2,3,1,4,3,4,5,2,3,2,4,4,4,4,4,4,4,3,1
43,1,1,1,,4,4,3,2,3,3,4,4,2,3,1,5,5,4,3,4,5,3,4,1
19,1,1,1,,3,3,4,3,1,3,3,5,3,3,2,5,2,5,4,4,4,4,4,1
39,,1,1,,1,2,4,2,4,4,4,4,1,3,2,5,5,4,5,5,5,3,4,2
15,,1,1,,4,2,3,4,4,4,4,4,4,3,2,4,4,4,4,4,4,4,4,2
9,,,,,5,4,4,2,2,2,3,4,3,4,3,4,3,4,4,4,4,4,4,2
2,,,1,,5,5,5,2,2,2,3,3,2,4,3,4,2,3,1,2,2,2,2,2
42,,1,1,1,1,1,2,1,5,5,5,5,3,2,1,5,5,5,5,5,2,2,4,1
2,,,,,3,3,3,3,3,3,3,3,3,3,3,3,3,2,2,2,,2,2,2
26,1,,1,,1,2,2,2,4,4,4,4,2,3,1,4,4,3,3,4,3,3,3,1
55,1,,,,2,3,4,4,2,2,4,4,2,4,4,3,3,4,3,4,4,3,3,2
42,1,1,1,,1,2,4,1,3,2,5,3,1,4,2,5,4,5,4,5,5,5,5,1
55,1,,1,,4,4,4,4,2,3,4,4,1,2,2,4,5,4,4,4,4,4,4,2
24,1,,,,1,2,3,2,4,4,4,3,1,2,2,3,3,2,2,2,2,2,2,2
62,,1,1,,2,1,4,2,3,3,1,5,1,2,2,5,4,4,4,4,5,4,4,2
29,1,,1,,1,1,1,2,4,3,2,5,2,2,2,4,4,3,2,2,4,2,2,1
70,1,,,,3,3,4,2,2,2,4,4,2,2,2,4,3,2,2,3,1,1,1,2
2,1,1,,,1,2,2,3,4,4,4,5,4,4,3,4,2,1,2,2,4,3,4,2
12,1,,1,,2,1,3,2,4,4,4,4,2,4,2,4,3,4,2,4,,,,2
62,,,1,,2,2,3,2,4,4,4,4,1,3,1,5,4,4,3,4,5,3,5,1
16,1,,1,,3,3,3,3,3,3,3,3,3,3,2,4,3,3,4,3,3,3,3,2
52,1,1,1,,4,4,4,3,4,3,4,4,4,4,4,4,2,4,4,4,3,3,3,2
26,1,,1,1,3,2,3,1,3,3,4,3,3,3,2,4,4,2,2,4,3,2,4,1
14,,,1,,3,3,3,3,3,3,3,3,3,3,3,3,3,3,3,3,3,3,3,2
10,1,,1,,3,3,4,3,3,2,5,5,2,3,3,4,3,4,3,3,4,3,3,2
53,1,,1,,3,3,4,3,3,2,2,4,2,3,2,4,4,4,3,4,4,3,4,1
7,1,1,1,1,2,2,3,2,3,3,4,4,2,3,2,5,4,4,4,4,4,4,4,1
53,1,,1,,2,1,4,3,4,3,4,4,2,4,3,4,3,4,4,4,4,4,4,2
44,,,,,3,2,3,2,3,4,4,3,2,4,3,3,3,2,3,3,2,1,1,2
9,1,,1,,2,1,3,2,4,3,4,4,2,2,2,4,3,2,3,4,4,4,4,1
27,,1,1,,2,2,3,2,5,4,4,5,1,2,1,5,5,4,4,4,4,4,4,2
63,,,1,,3,1,4,1,4,4,5,5,1,2,1,5,5,4,3,4,5,3,5,1
56,1,,1,,2,3,3,2,2,2,5,4,2,2,2,3,3,4,2,4,1,1,3,2
56,1,,1,,2,2,3,3,4,3,3,4,2,2,2,5,5,4,2,5,3,3,3,1
43,1,,1,,2,1,2,1,,4,4,4,2,3,2,4,4,2,2,4,4,2,4,1
5,1,,1,,2,1,2,2,3,4,4,4,2,2,2,5,4,4,4,4,3,4,4,1
10,,,1,,3,2,4,2,4,3,5,3,2,3,2,4,4,2,3,4,2,2,2,1
61,1,,1,,2,2,2,2,3,3,4,4,2,3,2,3,4,3,3,4,3,3,3,1
11,1,,,,4,3,4,4,1,2,3,2,3,4,3,3,3,3,4,3,3,3,3,1
39,,,,,4,3,3,2,4,5,5,5,1,4,2,4,4,2,4,3,4,2,4,1
18,1,1,1,,2,1,2,2,4,4,4,4,2,3,2,4,4,4,3,4,4,3,4,2
7,1,,1,1,2,2,2,2,3,3,4,3,4,3,2,3,3,4,3,4,3,3,4,2
42,1,,1,,4,2,3,2,4,4,2,4,4,2,2,4,4,2,2,4,4,2,2,1
42,1,1,1,,4,3,3,2,3,3,4,2,3,4,4,3,3,3,2,2,2,2,2,1
55,1,1,1,,2,2,3,2,4,4,4,4,2,3,2,4,4,3,4,4,2,2,3,1
47,1,,,,2,2,2,2,4,4,4,4,2,2,2,4,4,4,3,3,4,3,3,1
46,1,1,1,,4,2,3,2,5,5,5,5,1,2,2,4,5,3,2,2,3,2,2,1
56,1,,1,,3,2,2,2,3,3,5,5,2,2,1,4,4,4,3,4,4,3,4,1
16,1,,1,,1,1,2,2,4,4,5,5,2,2,2,4,4,4,3,4,4,3,4,1
63,1,,1,,1,1,1,1,2,3,5,4,2,2,1,5,5,5,4,5,5,4,5,1
63,,,1,,2,2,3,1,4,5,5,4,2,1,1,5,5,4,3,4,2,2,3,1
14,,,,,4,3,3,2,2,4,4,1,3,2,2,5,5,2,1,2,1,1,1,2
52,1,,,,3,2,3,4,3,3,4,5,2,3,1,5,5,4,3,3,3,3,3,1
53,1,,1,,2,1,1,3,3,3,4,4,1,2,2,5,5,2,2,4,2,2,2,2
55,1,,1,,2,1,2,1,4,3,4,5,3,2,1,5,5,4,4,5,4,5,5,2
63,,1,1,,2,2,2,4,4,4,4,4,2,3,2,4,4,4,2,4,4,2,3,1
14,1,,1,,2,2,2,1,3,4,5,5,1,1,1,5,5,3,3,4,3,3,4,2
63,,,,,2,1,3,1,3,4,4,5,2,2,2,4,4,3,4,2,3,3,3,2
2,,,,,1,1,2,1,4,4,4,4,2,3,2,4,4,2,4,3,4,4,3,2
16,,1,1,,2,2,3,1,3,3,4,5,2,3,2,4,5,3,4,4,3,2,4,1
5,1,,1,,4,3,3,2,4,3,4,5,4,3,1,5,4,4,3,4,4,3,4,1
43,1,1,1,,2,1,2,2,3,3,4,4,2,3,3,4,5,5,4,5,4,4,4,1
10,,,,,4,3,2,2,4,3,3,3,3,3,3,3,3,3,3,3,4,4,4,2
43,,1,1,,2,2,3,1,4,4,5,5,2,2,3,4,5,4,4,4,4,4,4,1
66,1,1,1,,1,1,2,1,3,4,4,3,3,3,2,5,5,5,4,5,5,5,5,1
55,1,,1,,2,2,2,2,3,3,4,4,1,2,2,4,3,4,2,4,4,2,4,2
2,1,,1,,3,2,3,2,4,4,4,3,3,4,2,3,3,3,3,4,4,2,2,2
55,1,1,1,,2,1,1,2,3,4,5,5,3,3,3,4,3,4,4,4,5,5,5,2
3,,1,1,,1,2,3,2,3,4,4,2,1,2,2,5,4,5,3,5,4,3,3,1
7,1,,,1,1,1,3,1,4,3,4,5,1,1,1,4,5,4,4,3,3,3,3,2
16,1,1,1,,4,3,4,2,3,4,4,4,2,3,2,3,4,4,2,3,4,1,3,1
70,1,,,,2,2,3,1,4,3,5,5,3,2,4,5,5,4,1,1,5,5,5,1
29,1,,1,,3,3,3,3,2,3,3,3,2,3,2,4,4,4,2,4,4,1,4,2
43,1,1,1,,1,1,2,2,4,4,5,3,1,3,2,4,3,4,4,4,2,3,3,1
13,1,,1,,2,1,3,5,5,4,5,4,1,3,1,5,5,5,2,5,2,2,5,1
10,,,1,,2,2,3,3,3,4,4,4,2,1,1,5,5,4,3,4,3,2,3,1
49,1,,1,1,1,1,1,1,3,2,4,5,1,2,1,5,5,4,3,5,5,3,5,1
19,1,1,1,,1,1,4,2,2,4,4,5,5,4,4,5,5,4,4,4,4,4,4,2
1,1,1,1,,3,3,4,4,3,3,4,4,4,4,3,4,4,4,3,4,3,4,4,2
1,1,,1,,1,1,2,3,3,4,3,5,2,4,1,4,4,4,4,4,3,3,3,2
5,,,1,,2,1,1,1,3,3,5,4,2,5,3,4,3,3,4,4,2,2,2,2
54,,,1,,1,1,2,2,2,3,3,4,1,2,2,4,4,1,3,3,4,2,3,1
45,1,,1,,1,2,2,2,2,2,4,2,2,3,1,4,3,4,4,4,5,5,5,2
14,1,1,1,,3,3,3,3,3,4,3,4,1,3,2,5,5,4,4,4,4,4,4,1
43,1,1,1,,1,1,1,1,3,3,2,3,1,2,1,4,5,4,3,3,4,3,3,1
5,1,1,1,,3,2,3,2,2,3,5,4,1,2,2,5,5,5,3,4,4,3,4,1
24,1,1,,,2,1,3,2,2,2,4,4,4,4,3,4,2,1,2,2,1,1,1,2
55,1,1,1,,2,2,3,2,2,3,3,4,1,4,2,4,3,4,3,4,3,3,3,1
55,1,,1,,3,3,3,1,4,3,5,5,1,1,1,5,5,4,4,4,4,4,5,1
37,,,,,2,2,3,2,4,3,4,5,4,3,2,3,4,3,3,3,4,4,4,2
51,1,1,1,,2,2,2,2,2,2,3,4,3,4,2,4,3,4,3,4,3,3,3,1
29,1,1,1,,2,2,2,2,3,2,3,3,2,2,1,4,4,2,4,4,2,2,2,2
47,,,1,,4,2,2,4,3,3,4,4,2,3,2,4,3,4,3,4,4,3,4,2
7,1,,1,1,2,2,2,2,5,5,5,5,1,4,1,4,5,3,3,2,5,3,5,1
7,1,,,1,3,3,4,2,4,4,5,4,2,2,2,4,4,4,3,3,4,3,3,1
1,1,,1,,3,3,2,2,3,3,4,4,2,2,2,2,4,4,3,4,3,3,3,1
27,1,1,1,,2,2,2,1,4,4,5,5,2,3,2,4,5,4,4,4,4,4,4,1
24,,1,,,3,3,3,3,3,3,4,4,1,4,2,4,4,3,2,2,3,3,3,2
14,1,,1,,2,2,2,2,3,4,5,4,2,3,4,3,3,5,4,5,4,3,3,2
61,,,1,,2,1,2,1,4,4,4,5,2,2,2,5,4,5,5,5,4,4,4,1
43,1,1,,,1,1,2,1,3,3,4,5,2,2,1,5,5,3,4,4,4,4,4,1
16,1,,1,,1,1,2,1,2,2,5,4,2,3,2,4,3,4,4,4,4,4,4,2
19,1,1,1,,2,1,2,1,4,4,4,5,2,3,2,4,4,4,5,5,5,5,5,2
10,,,1,,3,2,3,2,3,3,4,5,2,3,2,4,3,4,4,4,3,4,4,1
64,1,1,,,2,3,3,2,2,2,5,4,4,3,2,4,4,4,4,2,3,2,2,1
27,,1,1,,4,3,3,3,3,4,4,4,3,4,3,4,4,3,3,3,3,3,3,1
5,,,1,,2,1,3,3,4,4,4,4,2,2,2,4,4,3,3,4,2,3,3,1
56,1,1,,,2,2,3,3,3,3,3,4,3,3,3,3,3,3,3,3,3,3,3,2
68,1,,1,,4,4,4,2,2,4,5,4,2,4,2,2,4,2,4,4,2,2,2,2
32,,,1,,4,4,4,3,2,3,1,2,5,4,3,2,4,4,2,2,4,2,2,2
6,1,1,1,,1,1,2,1,3,3,4,5,1,1,1,5,5,5,3,4,4,3,4,1
1,,,1,,2,2,3,3,2,2,4,4,2,2,2,4,4,3,3,3,3,3,4,1
59,1,,1,,2,3,3,3,2,2,5,5,1,2,2,4,1,2,3,3,1,3,2,2
10,,,,,4,4,3,3,3,3,3,3,3,3,3,3,3,3,3,3,3,3,3,1
36,1,1,1,,2,1,3,1,5,5,4,5,3,2,2,4,4,3,3,4,3,3,4,1
27,1,,1,1,1,1,1,1,4,5,5,5,3,1,2,4,5,5,5,5,5,5,5,1
46,1,1,1,,3,3,3,2,1,2,3,4,1,2,2,4,4,4,2,4,4,1,4,1
41,1,1,1,,3,2,3,2,3,4,5,4,3,3,2,5,5,5,3,4,4,3,4,1
19,1,,,,2,3,2,2,3,3,3,3,3,3,3,3,3,3,3,3,3,3,3,2
16,,,1,,2,1,2,2,4,4,4,5,2,1,2,5,5,5,5,5,5,3,4,1
46,1,,1,,3,3,3,3,3,3,3,3,3,3,2,4,4,4,4,4,4,4,4,2
53,1,1,1,,2,3,2,2,1,2,4,4,2,3,2,5,4,4,3,4,3,2,2,1
46,,,1,,3,3,4,3,3,4,3,5,2,2,2,4,4,2,2,4,4,2,4,2
17,,,1,,3,2,3,2,3,3,4,5,2,2,1,5,5,2,2,3,2,4,4,1
55,1,,,,1,1,3,1,3,4,5,4,1,3,4,5,5,2,2,2,2,2,2,2
2,1,1,1,,1,2,2,3,1,2,4,4,1,3,4,4,4,5,4,5,4,2,4,1
52,,,1,1,2,2,2,2,3,3,4,4,2,3,2,4,5,4,4,4,4,3,3,1
56,1,,,,5,5,5,5,5,5,1,1,4,5,3,5,2,4,1,1,4,3,3,2
11,1,,1,,2,2,3,2,3,2,4,4,4,4,4,4,3,4,3,3,3,4,3,2
63,,,1,,1,1,1,1,2,2,4,4,1,1,1,5,5,5,4,5,4,4,5,1
37,1,,1,1,2,2,3,3,2,2,5,4,2,2,2,5,5,4,4,4,4,4,4,1
9,,,1,,3,3,3,3,3,3,3,3,3,3,3,3,3,3,3,3,3,3,3,
64,1,1,1,,1,1,2,1,4,4,4,5,1,1,1,5,5,5,4,5,5,5,5,1
43,1,,1,,4,4,3,3,4,4,4,4,3,4,3,4,4,4,4,4,5,4,4,1
7,,,1,1,2,1,2,2,4,4,4,4,2,2,1,5,5,4,3,4,4,3,4,1
51,1,1,1,,2,3,2,3,2,4,4,4,2,2,1,5,5,,,,,,,2
18,1,1,,,1,2,3,3,4,4,4,3,2,4,2,4,3,2,4,3,2,2,2,1
43,1,1,1,1,4,3,3,4,2,2,4,4,1,4,2,5,4,4,3,4,4,3,3,1
19,1,1,1,,1,2,2,2,4,4,5,5,2,3,3,4,4,5,5,5,4,4,4,1
46,1,,1,,2,1,1,1,4,4,4,4,1,3,2,4,5,5,5,5,5,4,4,2
14,1,1,1,,3,2,2,2,3,4,3,4,2,4,3,4,4,4,3,4,5,4,5,2
14,,,1,,1,3,3,4,2,3,5,4,1,2,1,5,5,4,3,4,4,4,4,2
55,,,1,,2,2,2,2,4,3,5,5,1,4,2,4,4,4,4,5,3,4,4,2
62,1,,1,,2,1,3,1,5,5,5,5,2,3,1,5,5,4,4,4,4,4,4,2
13,1,,1,,1,1,3,1,5,5,5,5,1,1,1,5,5,3,3,4,4,3,4,2
51,,,1,,2,1,2,2,3,4,4,4,2,2,2,4,4,4,4,4,4,4,4,1
55,,,,1,1,1,2,1,5,4,4,4,1,2,1,5,5,5,5,4,5,5,5,2
49,,,1,,1,1,1,1,4,4,4,4,2,1,1,5,4,4,3,4,4,3,4,1
57,1,,1,,1,1,2,1,5,4,3,4,2,3,2,5,4,4,3,5,3,4,5,1
5,,,,,3,2,2,2,3,3,3,3,3,3,2,2,2,4,4,4,4,4,4,2
10,,,1,,2,2,2,2,3,4,4,5,2,2,2,5,5,5,5,5,5,5,5,1
63,,,1,,2,1,2,1,4,4,3,5,1,3,1,5,4,4,3,4,4,3,4,1
7,1,1,1,1,3,2,4,3,3,4,4,5,3,1,2,5,4,3,4,3,4,3,3,1
7,1,1,,1,2,1,4,4,5,4,5,5,2,2,2,4,5,3,4,4,4,3,3,2
46,1,1,1,,2,2,3,4,1,4,5,5,1,2,1,5,5,4,4,4,5,5,5,2
26,,,,,4,3,4,4,4,3,4,4,1,2,1,4,4,3,3,4,3,3,3,1
56,1,,1,,2,2,3,1,4,4,5,5,2,2,3,5,4,3,2,4,3,3,3,2
62,,,1,,3,3,3,3,3,3,3,3,2,4,2,4,3,4,3,4,4,1,1,2
16,,,1,,1,3,3,2,1,2,1,5,1,4,1,5,5,2,4,1,1,1,1,2
6,1,1,1,,1,1,3,3,5,5,5,5,1,3,2,4,4,5,4,4,5,4,4,1
55,1,,1,,2,3,3,2,3,3,4,4,3,3,2,4,3,3,3,3,3,3,3,2
19,1,1,,,2,2,3,1,3,3,3,5,1,3,2,3,4,1,2,2,1,2,2,2
10,,,1,,1,1,2,2,3,4,4,5,4,4,2,3,3,3,2,2,2,1,1,2
24,1,1,,,1,3,4,4,3,5,5,5,5,5,4,3,2,3,5,2,3,5,3,2
31,1,,1,,5,4,4,4,1,1,4,4,4,5,4,2,1,4,5,4,4,5,4,2
63,1,,1,1,3,2,4,3,4,4,5,5,3,2,2,5,4,4,2,4,5,3,5,1
16,1,,,,3,2,3,2,2,2,2,2,2,2,3,3,3,3,3,3,3,3,3,1
10,1,,,1,2,2,2,2,4,4,4,4,2,3,1,5,5,4,4,4,4,4,4,1
55,1,,,,4,4,4,4,2,2,3,4,1,3,2,4,4,3,4,3,4,3,3,2
23,,,1,,1,2,3,2,2,4,4,5,2,3,2,4,4,4,4,4,4,4,4,2
9,,,,,2,1,3,3,2,1,4,4,2,4,2,4,5,4,4,4,4,2,4,2
53,1,,1,,2,1,3,4,5,4,5,4,2,3,2,4,4,4,4,4,4,3,3,2
55,1,,1,,2,2,3,3,3,3,4,4,2,3,3,4,4,5,4,4,4,4,4,2
55,1,,,,4,4,3,4,4,4,4,5,2,4,2,4,5,2,2,2,5,3,4,2
39,,,1,,5,3,4,4,2,4,3,2,2,2,2,4,2,3,2,3,2,2,3,1
4,1,,,,4,4,3,4,5,4,4,4,4,4,2,4,4,5,3,3,3,3,3,1
9,,1,1,,1,1,4,1,3,4,4,5,2,3,2,3,3,4,4,4,4,4,4,1
14,,,,,1,1,2,1,4,3,3,4,1,2,2,5,5,2,4,3,4,4,4,2
35,,,,1,2,2,3,2,2,2,4,4,2,1,1,5,5,2,2,2,2,2,2,1
1,1,,1,,2,4,4,2,3,,,,,,,,,4,4,4,4,4,4,2
43,1,,1,,3,2,4,2,4,5,5,4,3,3,2,4,5,3,2,4,3,5,5,2
1,1,,1,,2,1,1,1,1,2,4,4,3,4,3,3,4,2,3,4,2,3,4,1
59,1,,1,,2,3,3,2,2,2,5,4,2,2,1,5,5,4,4,5,4,4,3,2
16,1,1,1,,2,4,3,3,1,2,5,3,2,4,2,4,3,3,4,4,4,4,4,2
29,1,,1,,2,2,3,2,2,2,4,4,2,4,2,4,3,3,3,3,3,3,3,2
7,1,,1,1,1,2,3,2,4,4,4,5,1,2,1,5,5,3,4,4,4,3,4,1
62,,,1,,1,1,1,1,5,5,5,5,4,3,2,4,4,5,5,5,5,5,3,1
29,1,,1,,1,1,1,1,2,3,5,4,2,1,1,5,5,3,2,4,3,3,3,1
29,1,,1,,4,2,3,2,4,5,5,5,2,3,2,4,4,4,4,4,4,4,4,2
35,,,,,1,1,2,1,3,4,4,5,3,2,2,5,5,3,2,4,5,5,5,1
9,1,,1,1,3,2,3,2,3,3,4,3,3,4,4,3,3,4,3,4,4,3,3,1
7,,,1,1,2,2,2,2,3,3,4,5,1,1,1,5,5,3,2,3,4,4,4,1
29,1,,1,,1,1,2,1,4,4,5,5,1,3,2,5,4,4,5,5,3,3,3,2
63,,,1,,1,1,3,1,3,5,3,4,1,2,1,5,5,4,3,4,4,5,5,2
24,1,,1,,4,3,4,3,4,5,5,4,2,4,3,4,4,4,2,3,4,2,2,2
5,,1,1,,2,2,3,2,4,4,4,4,1,2,2,5,5,4,4,4,4,4,4,1
18,1,1,1,,2,1,3,3,4,4,4,5,3,3,3,4,4,4,3,4,5,3,3,2
43,1,1,1,,2,1,2,1,4,4,4,5,2,4,1,5,5,4,4,5,5,5,5,2
14,1,,1,,2,2,2,2,4,3,4,4,1,3,1,5,4,3,4,4,2,2,2,2
27,1,1,1,,3,2,3,1,4,4,3,5,1,1,1,5,5,4,4,4,5,5,5,1
10,,,1,,2,2,4,2,4,4,4,4,2,2,2,4,4,4,4,4,4,4,4,
69,1,1,,,2,2,2,1,3,3,3,5,3,3,2,5,3,4,3,3,5,3,4,1
14,,,,,2,2,4,3,4,3,5,3,2,3,2,4,3,2,4,2,2,2,2,2
54,1,,1,,3,3,3,3,3,3,3,4,2,3,2,5,4,4,4,2,2,2,2,2
24,1,1,1,,4,3,3,2,5,5,5,5,1,2,1,5,5,5,4,5,5,5,5,2
13,1,,,,3,2,2,1,3,4,5,4,2,3,2,5,4,3,2,2,4,4,4,2
13,1,,1,,2,3,2,2,3,3,4,4,2,2,2,4,4,4,2,3,3,3,3,2
14,1,1,,,2,3,3,4,3,3,4,5,2,2,3,4,3,2,2,2,2,2,2,2
57,1,,1,,2,1,2,2,3,4,4,5,1,2,2,4,5,4,4,4,5,5,5,2
56,1,,,,3,3,2,4,4,4,4,4,2,2,2,4,4,3,3,3,3,3,3,2
45,,,1,,1,1,2,2,3,4,4,5,1,2,2,4,4,3,3,3,4,3,4,2
23,1,,1,,2,1,2,1,3,4,4,3,2,3,2,4,1,2,3,2,2,3,2,2
1,,,1,1,2,2,4,2,1,4,4,3,2,4,2,4,4,4,4,4,3,2,4,2
21,1,,,,5,5,4,4,4,4,4,3,4,5,4,4,3,4,2,2,4,2,2,2
30,1,,1,,1,2,4,1,3,2,4,4,1,4,2,4,5,2,3,3,2,3,3,1
23,1,,1,,1,2,1,2,2,4,3,5,1,2,1,5,4,2,3,3,5,4,4,1
10,,,1,,2,2,3,2,2,2,4,5,4,3,2,4,3,2,1,1,4,1,1,2
3,1,,1,,1,1,2,2,2,4,3,3,2,1,1,5,5,5,4,5,5,4,5,1
17,,,1,,2,1,1,1,4,2,3,3,3,3,2,4,4,4,2,3,3,3,3,1
10,1,,1,,2,3,4,3,2,2,3,3,4,3,1,4,4,5,3,4,4,3,3,2
39,,1,1,,1,1,1,1,5,4,5,5,1,3,1,4,5,4,4,4,5,5,5,2
41,1,1,1,,1,4,4,4,2,2,4,4,1,4,2,4,4,4,4,5,1,1,1,1
10,,,,,2,1,4,5,1,1,4,5,1,2,1,5,5,2,1,1,2,2,2,2
56,1,,1,,2,3,3,3,3,3,4,4,4,4,2,4,3,2,2,2,3,3,3,2
51,,1,1,,4,5,3,4,3,3,5,5,1,4,2,3,3,1,2,4,4,3,3,2
29,1,,1,,3,2,4,2,1,2,5,5,2,2,2,4,4,2,3,2,4,3,2,2
29,1,,1,,5,5,5,5,1,2,2,4,2,4,4,3,3,2,2,2,2,2,2,2
19,1,,,,1,2,2,2,4,5,4,5,1,3,2,5,5,4,4,4,4,4,4,1
22,,,1,,2,2,2,1,3,3,3,5,2,3,1,5,4,3,3,4,3,3,3,1
7,1,,1,1,1,1,2,1,3,3,5,4,1,2,1,5,4,4,3,3,4,2,2,2
10,,,1,,2,1,2,2,3,3,4,2,3,3,2,4,4,4,3,4,4,3,4,1
8,1,,1,,2,2,2,2,3,3,4,5,1,3,1,4,4,3,3,3,3,3,3,1
14,,,,,1,2,3,1,5,4,5,5,2,3,2,5,5,2,4,3,2,2,2,2
18,1,1,,,4,3,4,3,2,2,2,4,4,3,3,4,3,2,2,2,2,2,2,2
20,1,,1,,2,2,3,2,4,3,4,4,2,3,2,4,4,3,3,3,3,2,3,2
43,1,,1,,3,3,2,3,3,3,4,4,2,3,2,4,3,4,4,5,4,4,4,1
19,1,1,1,,2,1,2,2,4,4,4,5,2,3,3,4,4,3,3,3,3,3,3,2
36,1,,,,4,4,4,4,4,4,3,1,4,5,4,3,2,3,2,2,4,2,2,2
31,,,1,,4,2,3,2,3,4,5,5,4,3,2,4,5,2,2,3,4,3,3,1
10,,,,,1,1,1,1,3,3,3,3,3,4,2,4,3,3,2,3,3,2,3,1
50,1,,1,1,2,1,3,2,4,4,4,4,3,4,2,4,5,5,4,4,2,2,2,2
13,1,,1,,3,2,3,2,4,3,3,5,2,4,2,4,4,4,3,4,2,2,4,2
11,,,1,,2,3,4,2,4,5,5,4,2,3,1,4,4,4,3,4,5,5,5,2
16,1,,1,,1,1,3,1,3,3,4,5,2,2,2,4,4,4,4,4,4,4,4,2
43,1,1,1,,3,2,3,1,4,3,5,5,1,3,1,5,5,5,3,4,5,4,5,1
23,1,,,,2,2,3,2,3,4,4,5,3,3,2,5,5,3,4,4,3,3,3,1
29,1,,1,1,2,1,3,1,4,3,2,4,2,3,1,5,5,2,4,3,2,2,3,2
55,1,,,,4,3,3,3,4,4,4,3,2,3,2,4,4,3,3,3,3,3,3,2
16,1,,1,,3,4,4,2,4,3,3,5,2,1,1,5,5,4,3,4,4,3,4,1
17,1,1,1,,1,1,3,1,4,5,5,5,1,3,2,5,5,4,4,4,4,4,4,1
55,1,,,,3,2,3,4,3,3,5,3,2,2,3,4,4,2,1,1,4,1,1,2
9,,,1,,2,2,2,1,3,3,5,5,1,2,1,5,5,4,5,5,5,5,5,1
66,1,1,1,,1,1,1,1,5,5,5,5,5,2,2,5,5,5,3,5,5,3,5,1
17,1,,1,,1,1,1,1,4,4,5,5,1,3,1,5,5,4,4,5,5,5,5,1
10,,1,1,,1,1,1,1,3,3,3,4,3,3,1,5,5,4,4,4,5,5,4,1
55,1,,1,,3,2,3,3,4,4,4,5,2,3,3,4,4,3,4,4,4,3,3,1
55,1,,1,,2,3,2,1,3,3,4,3,2,4,3,4,4,4,5,5,4,4,5,1
36,1,,,,1,1,1,1,5,5,5,5,2,2,2,5,5,4,3,4,5,4,4,2
19,1,1,1,,5,2,4,4,5,5,5,5,3,5,2,5,5,5,5,5,5,5,5,2
10,,1,1,,3,3,3,3,3,3,4,5,1,2,1,4,4,4,4,4,4,4,4,1
49,,,,,2,2,2,4,4,4,4,4,2,2,2,5,5,3,4,3,4,4,4,1
15,,,1,,1,2,2,2,5,5,5,5,1,3,2,5,5,4,3,5,4,3,4,2
55,1,1,1,,3,1,1,1,3,2,4,4,2,4,3,4,4,4,3,4,3,3,3,1
10,1,,1,,2,1,1,1,4,5,5,5,4,4,3,3,3,4,4,3,,3,3,2
55,1,,,,3,4,3,4,3,4,4,5,1,3,1,5,4,2,2,2,2,2,3,2
17,1,,1,,1,1,1,1,4,5,4,5,1,3,2,4,5,4,3,3,4,3,3,2
16,1,,1,1,2,2,3,3,4,4,4,5,3,2,2,5,4,4,3,4,,,,1
24,1,,,1,3,2,3,3,3,4,4,4,3,2,2,4,4,4,4,4,5,3,4,2
40,1,1,1,,1,1,2,1,3,3,4,4,3,2,2,5,4,4,3,4,4,4,4,1
17,,,1,,2,1,2,3,3,3,3,3,3,3,1,2,3,3,3,3,3,3,3,1
28,1,,,,1,1,3,3,3,4,4,5,2,3,1,4,4,3,3,3,3,3,3,1
54,,,1,1,1,2,3,1,4,4,5,5,3,3,2,5,4,3,3,4,5,5,5,1
8,1,,1,,2,2,3,2,4,4,5,5,2,3,2,4,4,4,3,4,4,3,3,1
43,1,,1,,3,2,4,4,3,3,4,3,2,3,2,4,4,4,3,4,3,3,3,1
63,1,,1,,1,1,3,1,5,5,4,5,2,3,2,5,5,5,4,4,5,5,5,1
10,1,,1,,1,1,2,1,3,3,2,5,1,1,1,5,5,5,1,5,5,4,4,1
1,1,,1,,4,2,2,2,2,2,2,4,1,3,1,5,5,3,3,4,3,3,3,1
16,1,,1,,4,2,3,2,4,4,4,5,3,4,1,5,5,4,4,4,4,4,4,2
55,1,1,1,,3,3,3,4,3,3,4,3,2,1,1,4,4,4,4,4,4,4,4,1
10,,,1,,1,1,1,1,3,5,5,5,3,4,2,5,4,3,3,4,4,4,4,1
46,1,,1,,3,3,3,3,3,4,4,4,2,3,3,4,3,3,4,5,3,3,4,2
22,1,1,1,,4,4,4,2,3,4,4,5,2,3,1,5,4,5,4,5,3,2,3,1
8,,,,,3,3,3,3,3,3,4,4,3,3,2,4,4,2,3,3,4,3,3,1
5,,,1,,1,2,2,2,2,2,4,4,2,3,3,4,3,2,2,4,2,2,2,1
63,,1,1,,4,3,3,2,3,4,4,4,1,2,1,5,4,3,3,4,4,4,4,1
27,1,,1,,3,3,3,3,3,3,3,3,3,3,3,3,3,3,3,3,3,3,3,2
13,1,,,,2,2,3,4,3,3,4,5,2,3,2,4,3,4,3,4,2,2,3,2
43,1,,1,,2,2,2,1,4,3,4,4,1,3,1,4,4,4,5,5,5,5,5,1
27,1,,1,,1,1,1,1,4,5,5,5,1,1,1,5,5,4,4,5,4,4,4,1
51,1,1,1,,3,3,3,3,3,3,3,3,3,3,3,3,3,3,3,3,3,3,3,2
63,,,1,,2,3,3,3,3,4,5,4,2,3,2,5,5,4,2,2,3,1,1,2
52,1,1,1,,3,3,3,3,3,4,3,4,2,2,2,4,4,4,4,4,4,3,3,1
23,1,,1,,2,2,3,4,4,3,3,5,2,2,2,4,4,3,4,4,3,3,3,2
1,1,,1,,2,1,2,2,3,4,3,4,2,3,2,4,3,4,4,4,4,3,3,2
51,,1,,,2,4,3,3,3,4,4,4,3,3,3,4,3,4,4,4,4,4,4,2
42,1,1,1,,2,1,2,2,4,4,4,4,2,2,2,4,4,4,4,4,4,4,4,1
42,1,1,1,,1,1,1,1,4,4,5,4,4,3,2,4,4,4,4,4,4,4,4,1
62,,,1,,1,1,2,3,5,4,5,5,1,2,1,5,5,4,4,4,5,5,5,1
1,1,,1,1,2,1,4,3,3,4,4,3,2,2,2,4,4,4,3,5,4,4,3,2
10,1,,1,,1,1,1,1,5,4,4,4,2,2,1,5,5,5,5,5,5,5,5,2
1,1,1,1,,2,1,4,4,4,4,5,3,1,1,1,5,5,4,4,4,5,4,4,2
10,,,,,2,2,3,2,3,4,4,4,2,3,2,4,4,4,4,4,4,4,4,2
52,1,,1,,1,1,1,3,4,4,4,4,2,3,2,5,4,4,4,4,4,4,4,1
7,,,1,1,3,2,3,2,4,4,4,3,2,3,3,4,5,4,4,4,5,3,5,1
16,1,,1,,2,2,4,3,3,3,3,3,3,3,3,3,3,,,,,,,2
56,1,1,1,,2,2,3,2,5,4,4,4,3,4,3,4,3,3,4,3,3,4,3,2
17,1,,,,1,1,2,1,5,4,5,5,2,4,4,4,3,2,3,3,2,4,3,1
59,1,,1,,4,4,4,4,3,4,5,5,2,3,2,5,4,4,4,4,4,2,4,2
52,1,1,,,4,2,3,4,3,3,4,4,2,3,2,4,4,3,2,2,4,3,3,2
5,1,1,1,,3,2,3,2,4,4,5,5,1,2,2,3,3,5,2,4,5,3,5,1
9,,,1,,2,2,2,2,2,3,4,5,1,1,1,5,5,5,4,5,1,4,4,1
43,1,,,,2,1,1,1,3,4,5,5,2,4,4,4,5,1,2,2,2,2,2,2
43,1,,1,,2,2,2,1,4,4,4,4,2,3,2,4,4,5,4,5,4,4,4,1
43,1,1,1,,3,2,2,2,3,4,5,4,2,2,2,4,4,3,3,3,3,3,3,1
63,,,,,2,2,3,2,2,3,4,5,2,2,2,5,3,2,3,3,3,3,3,2
39,,,1,,3,2,4,4,3,4,4,3,4,4,3,3,3,3,3,4,4,3,3,1
62,1,,1,,1,2,1,4,3,3,5,4,2,3,1,4,5,2,3,3,3,3,3,2
52,,,1,,2,2,2,1,3,3,4,4,2,3,1,5,4,4,4,4,2,2,4,2
52,1,,1,,4,4,4,4,4,4,3,3,4,4,2,4,4,4,4,4,4,4,4,2
16,1,,1,1,1,2,3,2,4,4,5,5,4,3,3,3,3,5,3,2,5,3,4,2
2,,,,,2,2,4,2,5,5,5,5,3,3,2,4,4,2,2,2,4,4,3,2
55,1,,,,2,1,3,2,4,4,5,5,2,4,4,4,4,3,4,3,4,4,3,2
10,,,,,4,1,2,3,4,3,4,4,2,4,2,4,4,4,4,3,2,4,3,1
7,1,,1,1,4,2,3,3,3,3,4,5,2,2,1,4,4,2,4,4,2,4,4,
27,,1,1,,2,1,3,2,4,4,4,5,1,3,1,5,5,3,5,5,4,4,4,1
23,1,,1,,2,1,2,2,4,4,5,5,3,3,2,4,3,2,3,2,4,4,4,1
51,1,1,1,,2,1,4,3,3,4,4,4,3,3,2,4,4,3,4,3,3,4,3,2
49,,,1,1,2,1,3,4,4,4,3,3,4,3,2,3,3,2,1,3,4,2,2,1
16,1,,1,,2,2,3,4,3,3,4,4,3,2,2,4,4,4,4,3,4,4,4,1
43,1,,1,,4,5,4,2,3,3,4,5,2,5,4,3,4,2,2,4,2,2,2,1
49,1,,1,,1,1,1,1,4,4,5,5,2,2,1,5,5,4,4,4,5,4,4,2
62,1,,1,,2,2,2,1,4,4,4,5,2,3,2,4,4,4,3,3,4,3,4,2
63,,,1,,4,4,4,2,3,3,4,5,2,5,3,4,4,4,3,4,4,3,4,1
29,1,,1,1,2,4,3,2,2,3,4,5,2,4,1,5,4,2,3,4,2,3,4,2
15,,,1,,3,3,4,4,3,3,4,3,2,3,2,4,3,4,4,4,4,2,2,1
15,,,1,,2,2,2,1,2,3,4,4,2,1,1,4,4,5,4,4,4,4,4,1
55,1,,1,,1,3,4,4,3,4,5,5,3,3,1,4,4,5,5,5,5,5,5,2
17,,,1,,2,2,4,2,2,4,5,4,2,2,1,5,5,2,2,4,4,2,4,1
7,1,,1,,2,2,3,2,2,4,4,3,4,2,2,4,3,3,3,4,3,3,3,1
63,1,1,,,3,2,2,2,3,3,3,4,2,4,3,4,2,2,2,2,2,1,1,1
41,1,,1,,1,2,3,1,4,4,4,4,2,1,1,5,4,3,3,4,3,3,3,1
55,1,,1,,1,1,2,2,1,3,4,5,2,4,4,4,4,1,3,3,4,4,4,2
5,,,1,,1,1,3,3,2,3,4,3,2,1,1,5,4,3,3,3,3,3,3,1
27,1,,1,,2,2,3,3,2,4,4,4,1,2,1,5,5,4,2,4,4,2,4,2
39,1,,,,3,2,3,2,3,4,4,3,4,2,2,4,4,3,3,3,4,3,3,1
3,,,,1,1,1,3,1,3,5,5,3,2,2,2,5,4,3,4,4,3,4,4,1
19,,1,,,1,1,2,1,4,4,4,4,1,2,1,4,4,2,1,3,3,3,3,2
43,1,,1,,2,2,2,2,4,4,4,5,2,2,2,4,3,4,4,4,2,4,4,1
62,1,,,,2,2,3,1,4,3,4,4,2,5,4,4,4,3,2,4,3,2,2,1
19,1,1,1,,1,1,1,1,4,4,4,4,2,3,2,4,4,4,3,4,5,4,4,2
26,,,1,,1,1,1,1,4,4,5,5,2,2,2,4,4,4,3,5,4,3,4,1
69,,,1,,2,2,2,2,4,4,5,4,2,3,2,4,4,3,2,3,3,3,3,1
43,1,,1,,1,1,2,2,4,5,5,4,2,4,2,4,3,3,3,3,3,3,3,2
52,1,,,1,4,2,1,4,4,4,4,5,1,4,1,4,3,4,2,4,4,4,4,1
10,1,,1,,3,2,3,2,5,4,4,5,3,3,2,5,4,2,4,3,3,4,5,2
43,1,,1,,1,1,1,1,4,4,4,4,3,2,2,4,4,4,3,3,2,3,3,1
55,1,,1,,2,2,2,2,4,4,4,4,2,2,2,4,4,4,4,4,4,4,4,2
26,,1,1,,2,2,3,1,3,3,4,5,3,2,2,4,4,3,3,4,3,3,3,2
10,,,1,,2,2,2,2,4,4,4,4,2,2,2,4,4,4,2,4,4,3,3,1
43,1,,1,,3,4,3,5,4,3,3,4,2,2,2,4,4,3,3,3,3,3,3,1
63,,,1,,4,3,4,2,2,2,5,4,3,2,3,3,3,3,5,4,4,3,3,2
18,1,,1,,1,1,2,1,3,4,4,4,4,3,1,4,4,4,3,3,4,3,3,2
47,1,,1,,1,1,1,1,5,5,4,5,1,2,1,5,5,2,3,3,3,3,4,1
51,1,,,,2,2,3,3,3,3,4,4,3,3,2,4,4,4,4,4,3,3,3,1
52,,,1,,4,2,3,1,3,4,5,5,4,4,4,4,4,4,1,4,3,2,5,1
7,1,,1,1,3,3,3,2,3,4,4,5,3,3,2,4,3,4,5,5,3,3,3,2
26,,,,,1,1,3,2,3,3,4,5,2,4,4,3,3,2,3,2,4,3,3,1
10,1,,1,,1,1,1,1,3,2,3,5,5,1,1,5,5,4,4,4,5,5,5,1
51,1,1,1,,1,1,3,1,3,3,4,5,2,4,2,5,4,4,4,5,4,4,4,1
8,1,1,1,,3,3,3,3,3,3,3,3,3,3,3,3,3,4,4,4,4,4,4,1
28,1,,1,,3,2,3,2,4,4,4,4,1,2,2,5,5,3,3,4,4,4,4,1
5,1,,,,2,2,2,4,2,4,4,5,2,3,2,4,4,4,3,4,2,3,3,1
43,,,1,,3,3,3,3,3,3,3,3,3,3,3,3,3,3,3,3,3,3,3,2
49,,1,,1,1,1,1,1,5,5,5,5,1,2,1,5,5,4,4,4,4,4,4,1
45,1,,1,,2,1,3,3,3,3,4,4,2,2,1,5,5,4,3,4,4,2,3,2
4,,,1,,2,2,3,2,4,2,4,4,2,2,4,4,4,4,3,4,4,3,4,1
24,1,1,1,,4,2,4,2,2,2,4,4,2,2,2,4,4,4,4,4,4,4,4,1
66,,1,1,,1,1,1,5,4,4,4,4,2,3,2,4,4,4,4,4,4,4,4,1
62,1,,1,,1,1,3,1,5,4,5,5,1,2,1,5,5,4,3,5,5,3,3,2
7,,,1,,1,2,2,2,2,4,4,3,2,4,2,4,4,4,2,4,2,2,2,1
6,1,1,1,,3,2,1,3,4,4,4,4,3,4,2,5,4,4,4,4,4,4,4,2
62,,,1,,2,1,2,2,3,4,4,4,1,1,1,5,3,2,2,3,5,1,1,2
29,1,,1,,2,2,3,2,5,5,5,4,2,4,2,4,4,4,4,4,4,4,4,1
20,,1,1,,1,2,3,4,4,3,4,4,1,3,1,5,5,5,5,5,4,3,3,2
23,,,1,,3,3,3,3,3,3,3,3,3,3,3,3,3,4,3,4,3,3,3,1
43,1,,1,,3,3,3,3,3,4,5,4,1,1,1,5,5,4,3,3,5,5,5,1
50,1,,1,1,4,3,2,3,4,4,4,3,2,2,2,4,4,4,3,4,4,3,4,2
17,1,,,,2,1,1,1,4,4,5,5,2,3,1,5,5,4,4,5,3,5,5,2
31,,,,,3,3,3,3,3,3,3,3,3,3,3,3,3,3,3,3,3,3,3,2
48,1,,1,,3,3,3,3,3,3,3,3,2,4,2,5,5,4,4,4,4,4,5,1
39,,,,,2,2,2,4,1,2,4,5,3,4,2,4,4,5,5,5,4,2,2,2
42,1,,,,2,2,2,2,4,4,5,4,2,2,2,4,5,4,3,4,4,3,4,1
10,,,1,,2,2,3,2,4,3,4,4,2,4,3,4,4,4,3,4,4,3,3,1
51,1,1,1,,2,2,3,3,4,3,4,5,2,2,2,5,4,3,2,4,4,3,4,1
55,,,,,3,3,3,3,3,3,3,3,3,3,3,3,3,3,3,3,3,3,3,2
41,1,1,1,,2,3,3,1,3,4,4,4,3,4,3,4,4,3,3,3,4,4,4,1
42,1,1,1,1,2,1,2,2,4,4,5,5,3,3,1,5,4,4,4,5,4,4,5,1
54,1,,1,,1,1,3,1,3,3,4,5,2,4,4,3,2,3,2,4,2,2,2,1
19,1,1,1,,3,3,3,4,3,3,4,4,3,4,2,3,3,3,3,4,4,3,4,2
55,,,1,,1,2,3,3,2,3,4,5,2,2,2,5,5,4,4,4,5,5,5,2
54,,,,1,1,1,2,1,3,1,2,5,1,1,1,5,5,2,2,2,3,2,2,2
19,1,1,1,,2,2,2,2,3,3,4,4,2,4,2,4,5,4,3,4,4,3,3,2
18,1,1,1,,2,3,3,2,5,4,4,4,3,3,2,4,4,3,2,2,4,2,2,2
66,1,1,,,4,2,4,3,2,4,4,4,1,2,2,4,4,3,4,3,4,2,2,2
22,1,1,1,,4,4,2,2,2,2,5,3,1,3,2,5,5,5,3,4,4,3,3,1
16,1,1,1,,2,1,3,2,4,3,4,4,3,4,1,5,4,4,4,4,4,4,4,2
16,1,,1,,3,1,2,2,3,4,4,5,2,3,1,5,5,5,5,5,4,4,4,1
10,,,1,,3,3,3,3,3,4,5,4,3,4,2,5,5,4,4,4,4,4,4,2
41,1,1,1,,5,3,5,4,4,4,5,5,2,3,1,5,5,5,3,5,2,2,2,1
10,1,,1,,3,2,3,2,3,3,4,4,2,4,3,4,4,2,4,3,2,3,3,1
14,,,1,,1,2,2,1,3,2,4,4,2,3,2,4,4,4,3,2,5,3,2,2
17,1,,1,,2,1,4,4,4,4,4,5,1,3,1,5,5,4,3,4,2,2,2,1
54,,1,,,2,1,3,4,3,4,3,4,1,2,1,5,4,3,4,3,3,4,3,2
55,1,1,1,,2,2,3,3,3,3,4,4,2,3,3,3,4,3,4,4,2,3,3,2
63,,,1,,3,1,3,2,4,4,4,5,3,3,3,4,4,4,3,4,4,3,4,1
10,1,,1,,2,2,3,1,3,3,4,5,2,2,1,5,4,3,2,3,2,2,2,1
17,1,,1,,3,2,3,3,4,4,4,5,2,4,2,4,4,3,4,4,2,3,3,2
23,,,,,3,2,4,2,3,2,3,4,2,3,2,4,4,4,4,4,4,3,3,1
70,1,1,1,,3,3,4,4,3,4,4,4,4,5,3,4,4,4,4,4,4,4,4,2
46,,,,,2,1,3,2,4,4,4,5,2,3,3,4,4,3,3,3,3,3,3,2
29,1,,1,1,4,4,4,2,4,3,2,4,1,2,1,5,5,4,3,4,5,4,5,2
69,1,,1,,3,3,3,2,4,2,3,4,3,3,2,4,4,4,3,4,4,3,4,1
3,1,1,1,,2,2,4,5,3,3,5,4,2,3,2,4,3,4,4,3,2,2,2,2
66,1,,,,1,1,3,1,5,5,5,5,1,3,1,5,5,5,4,4,5,5,5,1
1,,,,,1,3,3,2,3,3,3,4,3,3,3,3,3,3,3,2,3,3,3,2
17,,,1,,3,2,2,2,3,3,4,5,2,4,3,4,4,3,4,2,4,4,4,1
5,,,1,,2,3,3,2,4,4,5,5,2,3,2,5,5,4,3,4,4,2,4,1
2,1,,1,,4,2,3,3,3,3,4,3,3,2,3,3,3,4,3,3,3,3,3,1
2,1,1,1,,2,1,3,2,2,4,5,3,1,3,1,5,5,5,2,2,5,2,2,1
40,1,1,1,,3,2,2,3,3,3,5,4,2,3,2,5,4,4,4,4,4,4,4,1
16,,,1,1,2,2,3,3,3,4,4,4,2,2,2,3,4,4,4,4,4,3,3,1
55,,,,,3,2,2,3,4,2,2,2,4,2,2,4,4,4,4,4,4,4,4,2
52,1,,,,3,1,2,2,1,3,4,5,3,4,4,4,4,2,2,2,4,3,3,2
11,1,1,1,,2,2,4,2,2,2,4,4,2,3,2,4,4,3,3,4,3,3,3,1
23,1,,1,1,4,2,4,3,5,5,5,3,1,2,1,4,3,5,5,5,5,5,5,1
46,1,1,1,,3,3,3,3,3,3,4,4,2,4,2,4,4,4,4,2,4,4,4,1
10,,1,1,,4,3,2,2,5,2,4,4,2,3,1,5,4,4,4,4,4,1,4,2
51,1,1,,,3,3,3,3,3,3,3,5,3,3,2,4,4,3,4,3,4,3,4,2
42,1,1,1,,1,1,2,1,5,5,5,5,1,2,1,5,5,5,4,5,5,4,5,1
14,1,1,,,4,4,5,4,3,3,5,4,2,5,2,3,2,3,3,3,2,2,2,2
24,1,1,1,,2,2,2,2,2,2,4,4,2,2,2,4,4,4,4,4,4,4,4,1
31,,,,,4,5,3,3,3,3,4,2,2,4,2,4,3,3,3,3,3,3,3,2
59,1,,1,,2,3,3,3,3,3,4,5,1,2,2,4,5,4,4,4,4,4,4,1
53,1,,,,4,4,4,4,4,4,4,4,4,4,4,4,4,4,4,4,4,4,4,1
10,1,,1,,1,1,3,1,4,4,4,5,2,2,1,5,4,5,4,4,4,4,3,1
55,1,,1,,1,1,2,2,3,4,5,5,2,4,2,5,5,4,3,4,4,3,4,2
29,1,1,1,,3,1,3,1,4,4,3,5,1,4,1,5,5,4,4,4,4,4,4,2
1,1,,1,,4,2,2,1,1,2,4,5,2,5,2,5,5,4,4,4,3,3,3,1
3,1,,,,3,3,3,3,3,3,3,3,3,3,3,3,3,4,4,4,4,4,4,2
22,1,,1,1,2,3,3,3,3,3,4,4,2,3,1,4,3,3,2,4,3,2,4,2
43,1,,1,,1,2,2,2,3,4,5,5,3,4,2,4,3,5,2,5,4,2,4,2
21,,,1,,4,4,3,3,5,5,5,3,2,5,4,2,2,4,5,5,3,3,3,2
55,1,,,,2,2,1,4,4,5,4,5,3,4,2,3,4,2,3,3,3,3,3,2
20,1,,1,,5,4,5,4,4,4,5,5,2,3,1,5,5,5,5,5,3,3,3,2
14,,,1,,3,2,3,3,3,3,4,5,2,2,2,4,4,4,2,4,4,2,4,1
54,1,,1,,2,2,2,2,3,3,3,4,2,4,2,3,3,2,3,3,2,3,3,1
61,,,,,2,2,3,2,4,4,4,4,2,3,2,4,4,2,4,3,3,4,3,2
61,,,,,1,1,2,2,3,4,4,5,1,3,2,4,4,4,2,2,4,2,2,2
55,1,,1,,2,3,3,2,2,4,5,5,5,4,4,3,4,1,1,2,1,1,1,2
25,1,1,,,3,2,3,4,3,4,3,5,2,2,2,4,5,4,4,4,4,4,4,1
9,1,,1,,3,3,3,3,3,4,5,5,1,3,3,4,4,4,3,5,3,3,4,1
23,1,,1,1,2,2,2,2,4,4,5,4,3,2,2,4,5,2,2,3,4,3,4,1
62,1,,1,,3,3,4,2,2,3,4,4,2,2,1,5,5,3,3,2,4,3,2,1
54,1,,1,,3,3,2,2,4,3,4,5,2,2,2,5,4,4,4,5,4,4,4,1
6,1,1,1,,2,2,2,2,3,4,4,4,2,3,3,4,4,3,3,4,3,3,3,1
68,,,,,1,1,1,1,3,3,4,4,2,1,1,5,4,4,3,3,4,3,4,1
47,,,,,2,2,3,2,4,4,3,4,3,2,2,4,4,4,4,4,4,4,4,2
10,,,1,,4,3,4,4,3,4,5,5,3,3,2,4,4,4,4,3,3,3,3,1
29,1,,1,,1,1,1,2,3,4,3,4,1,3,2,4,4,3,4,4,3,3,3,1
37,1,,1,,1,1,2,4,4,4,3,4,3,4,2,5,4,4,4,4,4,4,4,2
49,,,1,,3,2,3,1,3,4,4,5,2,3,2,5,5,4,2,3,5,4,4,1
10,,1,1,,1,1,3,4,4,3,3,4,1,1,1,5,5,3,3,4,3,3,3,1
25,,,1,,2,2,2,1,2,2,5,5,1,4,2,4,4,5,5,5,5,5,5,2
43,1,,1,,2,1,2,2,3,4,4,4,2,3,1,5,4,4,3,4,4,3,4,2
23,1,1,1,1,1,1,2,1,5,5,5,5,5,2,2,5,5,5,3,4,5,5,5,2
11,,,1,,3,2,3,2,4,4,4,5,2,2,2,5,4,4,4,4,2,2,2,1
10,,,1,,2,3,2,2,3,3,4,4,2,3,2,4,4,4,3,4,4,3,4,1
62,1,1,1,,2,2,2,2,2,4,3,2,1,3,2,4,4,4,4,4,4,4,4,1
41,1,,1,,2,2,3,4,4,4,4,4,2,4,2,4,4,3,4,4,3,3,3,2
1,,,1,,4,2,2,2,3,3,4,5,2,3,2,4,4,4,2,4,4,2,4,1
10,,,1,1,3,2,4,3,4,4,4,4,2,3,2,5,5,3,3,4,4,4,4,1
40,1,,1,,2,2,2,2,4,4,4,5,1,2,2,5,5,4,3,4,4,3,4,1
26,,,,,2,1,2,1,3,3,4,5,3,4,2,4,3,4,3,4,3,3,3,2
17,1,,1,,2,1,3,2,3,,4,4,2,3,3,4,5,2,3,4,2,4,4,1
21,1,,1,,3,3,2,2,3,3,4,3,2,3,2,4,4,3,2,3,4,2,3,2
19,1,1,1,,2,2,3,1,3,3,5,4,2,3,2,5,4,4,3,4,4,4,4,2
17,,,1,,2,2,2,1,3,3,5,5,1,4,1,5,5,2,2,4,2,2,4,1
29,1,,,,5,3,3,5,1,1,4,4,3,4,2,5,3,4,5,4,4,2,2,2
52,,1,1,1,3,3,3,2,2,4,4,5,3,3,2,5,4,2,2,4,2,2,2,1
10,1,,1,,2,2,3,3,2,3,4,4,2,2,1,4,4,3,2,4,3,2,3,1
29,1,1,1,1,3,2,2,2,3,4,4,5,3,4,3,4,3,3,3,4,4,4,4,1
63,,,,,1,2,3,1,3,3,3,4,2,3,2,4,4,2,3,2,4,3,3,2
10,,1,1,,2,1,3,2,3,3,4,5,2,2,2,5,5,4,4,5,4,3,3,1
7,1,,1,1,5,5,4,3,1,1,4,2,3,4,3,4,3,3,3,4,3,1,1,2
5,1,,1,,1,1,3,4,4,4,3,5,1,1,1,5,5,4,3,4,4,4,4,1
42,1,1,1,,1,1,4,1,2,4,5,5,3,1,1,5,5,4,3,4,5,4,5,1
17,1,1,1,,2,2,3,2,3,3,4,3,2,2,2,3,4,4,3,4,3,3,3,1
5,1,,1,,3,3,2,3,3,4,4,3,3,2,2,4,4,5,5,5,5,5,5,1
63,1,,1,,3,3,3,2,3,4,3,4,2,2,2,4,4,3,4,4,3,3,3,1
46,1,,1,,3,2,2,2,3,3,4,4,4,3,2,2,4,4,3,3,4,4,4,1
15,,,1,,1,1,4,1,4,4,5,4,2,5,4,5,3,4,3,2,4,1,1,2
24,1,1,1,,3,2,3,3,3,3,3,5,1,1,1,5,5,5,4,3,5,4,3,2
10,,1,1,1,1,2,1,1,3,4,4,4,3,2,2,5,4,4,3,3,4,3,3,2
9,,,1,,3,3,4,3,2,4,4,4,2,4,2,4,4,3,3,3,3,3,3,1
26,,,,,4,4,4,3,3,3,3,3,3,3,1,5,5,3,3,3,4,4,3,1
68,1,,,,3,3,3,3,3,3,3,3,3,3,3,4,3,3,3,3,3,3,3,1
10,,,1,,3,3,3,3,3,4,4,4,3,3,2,3,3,3,3,3,4,3,3,1
66,,1,1,,2,1,2,2,4,3,4,5,3,3,2,4,4,4,4,4,4,4,4,1
27,1,,1,,2,1,2,2,4,4,4,5,2,2,1,5,4,4,3,4,3,3,4,1
13,1,,1,,2,2,3,2,4,4,4,4,2,2,2,5,5,4,4,4,5,5,5,2
25,1,,1,1,3,1,3,5,5,5,5,5,2,1,2,5,5,5,5,5,5,5,5,2
29,1,,1,1,2,4,3,3,3,4,4,4,2,3,2,4,4,3,3,4,3,3,4,1
55,,1,1,,3,3,4,,,,,,,,,,,,,,,,,2
26,1,,1,,2,3,4,2,3,3,4,3,1,2,1,5,5,2,3,4,4,3,3,1
22,1,1,1,,4,3,4,3,3,3,4,3,2,4,2,4,4,3,3,3,3,3,3,1
37,1,,1,,2,1,2,1,5,5,5,5,3,2,2,4,4,4,4,4,4,4,4,2
5,,,1,,2,2,2,3,1,2,3,4,2,2,2,4,4,3,2,3,2,2,3,1
14,1,,1,1,1,2,3,2,3,4,4,4,1,3,1,5,4,4,4,4,4,4,4,2
53,,1,,,2,2,3,3,3,3,4,4,2,3,1,4,4,2,3,2,2,4,4,2
10,1,,1,,1,2,2,2,5,5,5,5,2,2,1,4,5,4,4,5,4,4,4,2
49,,,1,,2,2,3,2,3,3,4,4,2,1,1,5,4,4,2,4,4,2,3,2
17,1,1,1,,2,2,3,4,3,3,3,5,3,2,1,5,5,4,3,3,4,3,3,1
18,,1,,,3,3,3,3,3,3,3,4,3,3,3,4,3,3,2,3,3,1,1,2
10,1,,1,,3,2,2,3,3,3,4,5,5,2,1,5,5,5,5,5,5,5,5,1
6,1,,1,,1,1,2,1,5,5,5,5,3,3,2,4,4,5,5,5,3,2,1,1
18,,1,1,,,,,,,,,,,,,,,,,,,,,2
52,1,,1,,2,1,1,1,3,4,4,4,2,4,2,4,4,,,,,,,
63,,,1,1,2,3,3,1,3,4,5,5,2,3,2,5,4,3,2,4,2,2,2,1
5,1,,,,5,3,4,2,1,3,5,5,2,2,1,5,4,4,3,4,2,2,2,2
16,,,,,,,,,,,,,,,,,,,,,,,,
20,1,1,1,,3,2,4,2,2,2,4,4,1,5,2,5,5,4,4,2,2,2,2,2
17,,,,,,,,,,,,,,,,,,,,,,,,
18,1,1,1,,1,1,1,1,1,4,4,4,1,4,3,3,3,1,1,1,1,1,1,2
29,1,1,1,,3,4,3,3,4,3,4,4,4,4,2,4,3,4,3,2,4,3,3,2
64,1,,,1,1,2,3,2,1,5,4,5,2,3,1,4,4,4,4,4,4,3,3,1
10,,,,,,,,,,,,,,,,,,,,,,,,
43,1,1,1,,2,1,2,2,4,4,4,4,4,4,1,5,5,,,,,,,
39,,,1,,3,2,3,2,3,4,2,5,2,2,3,4,4,4,3,4,2,4,3,1
17,,,1,,4,1,4,3,4,4,4,4,3,4,3,4,4,3,3,3,3,3,3,1
55,,,1,,5,2,3,2,1,1,4,5,2,3,3,4,2,4,3,4,4,2,4,2
9,,,1,,4,3,3,3,4,4,4,4,2,3,2,4,4,3,3,3,3,3,3,1
62,,,,,4,3,3,3,3,3,3,3,3,3,3,3,3,3,3,3,3,3,3,2
53,1,,1,,2,1,2,2,3,4,3,4,2,2,2,4,4,3,4,3,4,4,4,
63,1,,1,,3,2,3,4,3,3,3,3,2,3,2,4,4,3,3,4,3,2,3,1
68,1,,1,,3,3,3,3,4,4,4,3,3,5,3,3,3,4,4,4,4,4,4,2
10,,,1,,3,3,3,3,3,3,4,4,4,3,2,4,4,4,4,4,4,4,4,1
49,1,1,1,,1,1,1,1,4,4,5,4,1,2,2,5,4,,,,,,,
60,,,,,1,1,3,1,5,5,5,5,1,1,1,5,5,4,4,4,5,5,5,2
26,,,1,,1,1,3,1,3,4,4,5,2,4,3,4,5,3,2,3,2,3,2,1
4,,,1,,4,3,3,2,2,4,2,4,2,3,3,4,4,,,,,,,
63,,1,1,,2,1,1,2,4,4,5,5,2,2,2,4,5,4,3,4,5,3,4,1
17,1,,1,1,2,2,2,2,3,3,4,4,4,2,2,4,3,2,2,4,2,2,3,1
13,1,,1,,4,3,4,3,2,2,5,4,1,4,2,4,4,2,3,3,3,4,4,1
53,1,,1,,1,1,2,1,5,4,4,5,2,2,1,5,4,3,4,4,3,4,4,1
47,1,,1,,2,1,3,3,5,4,4,3,1,3,2,4,5,4,3,3,2,2,2,2
1,1,,1,1,1,2,3,2,3,4,4,4,2,1,2,4,4,3,3,4,3,3,3,1
27,1,,1,,2,1,2,2,4,4,4,4,2,3,2,4,4,3,4,3,3,3,3,1
56,1,1,,,2,2,4,3,3,3,5,4,2,3,2,4,4,4,3,3,4,3,3,2
18,1,,1,,4,4,3,2,4,4,4,4,1,2,2,5,4,4,4,4,3,3,3,2
19,1,1,1,,1,1,1,1,4,4,4,4,1,1,1,5,5,4,4,4,3,3,3,1
11,,,1,,1,1,2,1,4,4,5,5,2,2,1,5,5,4,3,5,5,5,5,2
13,1,,1,,2,1,2,2,3,4,3,5,2,2,2,5,5,4,3,3,3,3,3,2
8,1,1,1,,2,2,3,1,3,3,4,5,2,3,2,4,5,3,3,4,3,3,3,1
56,1,,,,4,3,3,4,4,4,4,3,3,3,3,3,3,3,2,4,3,3,3,2
16,1,,1,,3,2,3,2,2,3,4,5,3,3,4,4,4,4,4,4,3,3,3,1
14,1,,,,2,1,2,2,4,3,3,4,2,4,3,3,2,2,2,2,2,2,2,2
36,1,,,,3,3,4,2,3,2,4,3,3,2,2,4,4,4,4,4,4,3,3,1
14,1,,1,,1,1,1,2,2,4,2,4,1,3,3,4,4,4,4,4,4,4,4,2
43,1,,1,,1,1,3,1,5,4,5,5,2,1,1,5,5,2,3,4,5,4,5,1
37,1,,1,,2,2,3,2,4,4,4,5,3,4,2,4,5,3,2,3,4,3,3,2
6,,,1,,3,2,3,1,3,4,4,5,1,2,1,4,4,3,3,3,4,4,4,1
37,1,1,1,,3,2,3,2,3,3,4,4,4,4,4,2,2,2,2,2,4,3,3,2
62,,,,,3,2,4,4,3,2,4,4,3,4,2,3,3,4,4,4,3,3,3,2
52,,,,,3,3,3,3,3,3,3,3,3,3,3,3,3,3,3,3,3,3,3,1
64,1,,,,2,2,2,2,3,3,4,5,4,2,2,5,5,4,3,4,2,3,4,1
29,1,,1,1,2,1,2,1,3,3,5,5,1,2,1,5,5,4,4,4,,,,
1,1,,1,,3,2,3,2,2,3,4,3,3,3,2,4,4,2,3,3,3,3,3,1
31,,,1,,3,4,4,4,2,3,4,5,1,3,2,4,4,3,4,4,2,2,2,2
13,1,,1,,2,3,4,3,1,2,5,3,2,3,1,5,4,4,4,4,1,1,1,2
6,1,,,1,1,1,3,3,3,3,3,3,3,3,3,3,3,2,2,3,2,2,2,1
7,1,,1,1,1,3,2,,4,,,,,,,,,,,,,,,
17,1,1,1,,2,2,2,2,4,4,4,4,3,4,3,4,4,4,3,4,4,4,4,
45,,,,,1,3,3,1,5,5,5,3,5,4,1,5,2,1,1,1,5,1,5,2
55,1,,1,1,2,2,2,1,4,3,4,3,1,1,1,5,5,2,2,2,5,1,4,2
,,,,,,,,,,,,,,,,,,,,,,,,
,,,,,,,,,,,,,,,,,,,,,,,,
69,1,,1,,2,1,3,2,4,4,5,5,2,2,1,5,5,3,3,4,4,3,3,1
6,1,,,,3,2,3,2,2,4,4,4,4,2,2,4,4,2,4,2,2,2,2,1
11,1,,1,,2,2,3,2,3,3,5,4,2,4,1,4,3,3,3,4,4,4,4,2
48,,,1,,3,3,3,2,3,3,3,5,2,2,2,4,4,4,3,3,3,3,3,1
16,1,1,1,,1,4,5,3,4,4,,3,1,5,1,5,3,,,,,,,
43,,1,1,,3,2,2,1,3,3,4,5,3,4,2,5,5,5,5,5,4,4,4,1
63,1,,1,,2,2,3,1,4,4,4,4,2,3,2,4,4,4,4,5,3,4,4,1
63,,,1,,,,,,,,,,,,,,,,,,,,,
1,1,,1,,4,3,3,4,1,2,4,2,2,1,1,4,4,3,3,4,2,1,1,1
62,,,1,,3,3,3,3,2,3,4,4,2,4,2,4,4,4,3,4,4,4,4,2
29,1,,,,2,1,2,3,3,4,4,5,2,3,2,5,5,3,3,2,4,4,4,1
10,1,1,1,,1,1,2,3,3,4,4,5,1,1,1,5,5,5,3,4,2,3,4,2
54,,,1,,2,2,3,4,3,3,4,3,2,3,2,4,4,2,2,2,3,4,4,2
39,,1,1,,1,2,3,2,5,4,4,3,1,3,1,4,3,3,4,5,2,3,3,2
43,1,,1,,3,2,2,4,3,3,4,4,2,3,1,5,5,4,3,4,4,3,4,1
67,,,,,1,1,1,2,2,4,4,4,4,3,2,4,4,4,4,4,4,4,4,2
25,1,,,,3,3,3,3,3,3,3,4,1,2,1,5,5,2,4,4,4,5,5,1
54,1,,1,,2,1,2,2,3,3,4,4,2,4,2,4,5,3,3,3,3,3,3,2
43,,1,1,,2,2,2,2,4,4,4,4,3,3,2,4,3,4,4,4,4,3,3,1
19,1,1,,,3,2,4,2,1,3,3,5,1,3,1,3,4,2,2,2,2,2,2,2
52,1,,,1,3,2,3,3,2,4,4,4,3,3,2,5,5,4,3,2,4,3,3,1
15,,,,,,,,,,,,,,,,,,,,,,,,
46,,,1,,2,2,4,2,4,2,4,4,4,4,3,4,4,2,2,4,2,2,2,2
22,1,,1,,2,2,3,2,2,3,4,5,2,4,3,4,3,4,2,3,4,3,4,1
14,,,1,,3,2,3,3,3,3,4,4,2,2,1,5,4,4,4,3,5,5,5,2
41,1,,,,1,1,1,1,1,4,4,4,2,3,2,3,3,3,3,3,3,3,3,1
43,,1,1,,1,2,2,1,4,4,5,4,3,4,2,4,3,2,2,2,5,5,5,1
29,1,,,,3,3,3,3,3,3,3,3,3,3,3,3,3,,,,,,,
37,1,,1,,2,1,4,1,4,4,5,3,2,1,3,4,5,3,2,4,1,4,3,1
53,1,,1,,3,2,3,2,4,4,5,3,2,3,2,4,4,3,3,4,3,3,3,1
70,1,,1,,3,3,3,3,3,3,3,3,3,3,3,3,3,3,3,3,3,3,3,2
55,,,1,,3,4,2,1,4,4,5,4,2,3,2,4,4,2,4,4,3,4,4,2
28,,1,1,,5,3,4,3,3,3,4,5,2,3,2,3,3,2,4,4,4,2,4,2
5,1,,,,4,2,2,2,2,2,4,5,1,3,4,2,5,4,2,3,2,2,2,1
56,1,,,,3,2,3,3,3,3,4,2,2,3,1,4,4,4,4,4,3,4,3,2
55,1,,1,,4,2,2,2,3,4,4,4,2,3,3,3,3,3,3,3,3,3,3,1
2,,,1,,1,2,2,2,3,4,5,5,2,3,4,5,5,4,3,3,4,3,3,2
16,1,1,1,,3,2,3,2,3,3,4,4,4,4,4,4,4,4,4,4,4,4,4,1
19,,,,,,,,,,,,,,,,,,,,,,,,
16,1,,1,,1,1,2,2,4,4,5,5,1,3,1,4,5,5,3,4,4,3,4,2
28,,,,,2,2,2,2,3,4,3,4,4,2,1,5,4,3,3,4,4,3,3,1
7,,,1,,2,2,2,1,3,4,3,4,2,2,1,5,4,4,4,4,4,4,4,1
49,1,1,,,5,1,1,1,5,5,5,5,1,2,1,5,5,5,5,5,5,5,5,1
36,1,,,,4,4,2,4,4,4,4,4,1,3,1,4,4,4,4,2,3,3,3,2
52,,1,1,,1,2,3,1,4,3,4,4,1,2,1,5,5,4,4,4,4,4,4,1
10,,,1,,3,3,3,1,3,3,3,4,2,3,1,5,5,4,3,3,4,3,4,1
43,1,1,1,,2,2,2,2,3,,,4,4,4,4,4,4,,,,,,,
46,,,1,,4,2,3,3,2,2,3,3,2,4,2,3,3,1,2,2,1,2,2,2
52,,,1,,2,1,3,3,3,4,4,3,2,2,1,5,5,3,4,3,3,3,3,2
16,1,,,,3,2,3,4,4,3,4,4,2,3,2,4,3,2,2,2,4,2,2,1
52,,1,1,,3,3,3,3,3,3,3,3,3,3,3,3,3,5,3,4,3,3,3,1
55,,,,,,,,,,,,,,,,,,,,,,,,
46,1,,1,,3,2,3,2,5,5,4,4,2,1,4,5,4,,,,,,,
10,1,1,1,,3,4,5,3,2,2,5,3,2,3,2,3,3,4,3,4,3,3,3,2
55,,,1,,2,2,2,3,3,3,4,5,2,3,2,4,4,4,4,4,4,4,4,2
17,,,1,,4,2,3,2,4,4,5,4,3,5,3,5,5,5,5,5,5,5,5,2
19,1,1,1,,2,1,3,3,3,4,4,4,4,4,3,3,3,2,3,3,3,3,3,2
1,1,,1,,3,4,4,4,2,3,4,4,2,2,2,4,4,2,2,2,2,2,2,1
2,,,1,,1,1,1,1,2,3,5,5,2,4,2,4,4,3,4,4,,4,4,2
18,1,1,,,2,2,3,3,4,4,5,4,3,3,2,5,5,2,4,3,4,4,4,2
53,,,,,,,,,,,,,,,,,,,,,,,,
29,1,1,1,,4,3,3,4,4,3,4,4,2,3,3,4,4,4,3,3,4,4,4,2
54,1,1,,,1,3,3,1,3,3,4,5,2,4,2,3,3,3,3,3,4,3,3,2
43,1,1,1,,1,1,2,2,4,4,4,5,2,3,2,4,5,4,4,5,4,3,4,1
51,1,1,1,,3,4,4,4,2,2,4,4,2,4,2,4,4,3,2,4,3,2,4,1
8,1,,1,,1,2,2,1,3,3,5,5,3,2,3,5,4,2,3,3,5,4,5,1
7,1,,1,1,3,3,3,2,3,3,2,3,3,3,1,5,3,3,3,3,3,3,3,2
26,,,,,1,1,1,1,4,4,5,5,1,1,1,5,5,3,3,3,4,4,4,1
1,,,1,,3,2,4,4,3,4,4,5,3,4,3,4,4,3,2,3,4,3,4,2
6,1,,1,,2,3,4,2,4,4,4,5,1,2,2,5,4,5,4,5,4,3,3,1
26,,,,,,,,,,,,,,,,,,,,,,,,
49,,,1,1,2,2,3,3,4,4,5,4,2,1,1,5,5,4,4,4,4,4,4,1
27,1,1,1,1,2,1,2,1,2,3,4,5,5,3,2,5,5,,,,4,4,4,1
2,,,1,,3,1,3,2,4,4,4,5,1,1,1,4,4,2,2,3,4,4,4,2
17,,1,,,3,3,3,2,4,4,4,4,2,2,2,5,4,4,4,4,5,5,5,1
29,,,,,,,,,,,,,,,,,,,,,,,,
43,1,1,,,2,2,2,3,4,3,5,4,1,2,3,4,5,5,2,4,4,3,4,1
6,1,,,,4,3,3,2,2,3,3,3,3,3,3,4,4,2,2,2,2,2,2,2
15,1,,1,,2,3,3,2,3,3,4,5,3,4,2,4,4,4,3,4,4,3,3,2
2,,,1,,3,2,3,3,3,2,3,4,2,3,3,4,3,3,3,3,3,3,3,2
3,,,,,,,,,,,,,,,,,,,,,,,,
48,1,1,1,,2,2,4,4,3,3,5,2,2,2,2,4,4,4,3,4,4,3,4,1
51,,,,,,,,,,,,,,,,,,,,,,,,
22,1,,1,,2,2,3,2,3,3,4,3,2,4,2,3,3,4,3,3,4,3,3,2
63,,,,,2,1,3,1,3,3,4,3,2,4,2,3,4,3,3,3,3,3,,1
10,,,,,2,1,3,2,3,3,4,5,2,3,1,3,4,2,4,3,1,1,1,1
10,,,1,,1,1,2,3,2,4,4,4,2,2,1,4,4,5,2,3,2,2,2,2
62,,,1,,2,2,3,3,4,4,5,5,2,4,1,5,5,2,2,2,4,2,2,1
17,1,,1,,2,1,3,4,4,4,5,5,1,2,1,4,5,3,4,4,3,3,3,2
23,1,,1,,2,2,4,3,4,4,4,5,2,3,1,5,5,4,4,4,5,5,5,2
17,1,,1,,3,2,3,3,3,4,3,4,2,3,2,4,4,2,3,3,2,2,2,1
11,1,1,1,,1,1,3,2,3,4,4,4,2,2,1,5,5,4,4,4,4,4,4,1
29,1,,1,1,2,1,3,2,4,4,4,4,2,2,2,4,4,2,4,4,2,4,3,1
55,1,,1,,4,4,4,1,4,3,5,5,1,3,2,5,5,3,4,4,2,1,3,1
17,1,,,,1,1,2,2,4,4,4,4,2,2,2,4,4,,,,,,,
51,1,1,1,,2,2,3,3,4,3,4,5,2,3,2,4,4,4,4,4,4,4,4,2
54,1,,1,,3,3,3,1,3,4,4,2,3,4,3,3,3,3,2,4,4,2,2,1
17,,,1,,3,3,3,3,5,4,4,3,3,3,2,4,4,4,4,4,4,3,3,1
16,,,1,,2,2,3,2,2,3,4,4,2,4,2,3,3,2,2,2,5,4,4,2
17,1,1,1,,3,2,3,2,2,3,4,4,4,3,2,4,4,2,2,4,2,2,4,1
17,1,,,,2,1,2,1,4,4,4,5,2,3,1,4,4,3,4,4,4,3,3,2
19,1,1,1,,2,2,3,2,4,3,5,5,3,3,3,4,5,3,3,3,3,3,3,2
46,1,1,1,,4,3,3,3,3,3,4,3,3,4,4,3,4,4,4,4,4,4,4,1
56,1,,1,,2,2,3,3,4,3,3,4,4,3,2,4,4,3,4,4,3,3,3,2
23,1,,1,,,,,,,,,,,,,,,,,,,,,
63,1,,1,,2,3,3,4,2,3,4,3,2,3,2,5,4,4,3,4,4,4,4,1
16,1,,1,,1,1,3,1,3,4,5,4,1,3,1,5,4,4,2,2,5,2,5,1
46,1,,1,,2,4,3,4,3,3,5,3,1,3,2,4,4,2,3,3,3,3,3,1
10,1,,,,2,1,3,1,3,4,4,5,1,2,1,5,5,2,1,3,5,5,5,2
17,1,1,1,,,,,,,,,,,,,,,,,,,,,2
6,,1,1,,2,1,1,2,3,4,3,5,1,2,2,4,4,4,3,4,5,4,4,1
17,,1,1,,2,1,2,2,3,4,5,4,3,2,2,5,5,,,,,,,
63,,,1,,2,1,2,4,3,3,4,5,2,4,1,5,4,3,4,4,3,3,3,1
52,,,,,,,,,,,,,,,,,,,,,,,,
13,1,,1,,2,2,3,2,3,3,4,4,3,4,2,4,3,3,3,4,3,3,4,2
2,,,,,,,,,,,,,,,,,,,,,,,,
22,1,,1,,5,5,4,4,4,3,4,4,3,4,3,4,4,4,4,4,3,3,3,1
39,,,1,,2,2,2,2,3,4,5,5,3,4,3,4,3,3,3,3,3,3,3,1
31,,,,,,,,,,,,,,,,,,,,,,,,
29,,,1,,1,1,3,1,4,4,4,5,1,2,1,5,5,4,3,5,3,4,4,1
52,1,,1,,3,2,3,3,3,3,4,4,2,4,2,4,4,2,3,3,3,3,3,
42,1,,1,,3,2,2,1,4,4,4,4,3,3,2,4,4,3,4,4,4,4,4,1
10,,,1,,1,1,2,2,4,5,5,5,1,3,1,5,5,,,,,,,
61,1,,,,3,4,4,2,3,3,4,3,1,4,2,3,3,1,1,1,1,1,1,2
1,1,,1,,2,3,3,3,2,3,4,2,1,4,2,4,3,2,2,4,4,1,3,1
42,,,,,,,,,,,,,,,,,,,,,,,,
7,,,1,1,3,3,3,3,3,3,3,3,3,3,3,3,3,3,3,3,3,3,3,2
66,,,,,2,1,2,2,5,5,5,5,2,3,1,5,5,4,2,2,4,4,4,2
10,,,1,,3,1,3,2,4,3,4,4,2,3,2,4,4,2,2,3,3,1,4,1
19,,1,1,,2,1,2,4,4,4,4,4,2,2,1,5,4,4,4,4,3,3,3,2
55,1,,,,3,2,2,2,4,2,4,4,2,2,2,4,4,3,3,3,3,3,3,2
49,,,1,,1,1,3,1,3,5,5,5,1,3,2,3,5,1,3,1,3,2,3,1
2,,,,,2,3,4,3,2,3,4,4,2,2,2,3,3,1,3,3,4,4,4,2
52,1,,1,,2,2,4,2,4,4,4,5,1,3,1,5,5,2,4,4,2,4,4,1
54,1,,1,,2,2,3,2,3,3,3,4,1,1,1,5,5,4,4,3,3,3,3,1
17,1,,1,,1,1,2,4,4,4,4,4,2,4,2,4,4,4,2,4,4,4,4,2
29,,,1,,2,2,4,4,4,4,4,4,3,4,2,3,3,3,3,4,3,3,3,2
23,,,,,3,3,3,3,3,3,3,3,3,3,3,3,3,3,3,3,3,3,3,2
37,1,1,1,,3,3,4,3,2,2,5,4,2,3,2,4,4,4,3,3,4,4,4,1
54,,,,,1,1,2,1,4,4,3,5,2,4,1,4,3,3,3,4,5,3,4,2
16,1,,1,1,1,1,3,2,3,4,5,4,1,1,2,5,5,5,5,5,5,5,5,2
63,1,1,1,,2,2,3,5,4,4,4,5,2,3,2,4,5,4,3,4,3,3,3,1
43,1,1,,,2,2,2,2,1,2,4,5,2,4,1,4,4,3,3,4,3,3,3,1
54,1,,1,,,,,,,,,,,,,,,,,,,,,2
7,,,1,1,1,1,2,1,4,4,3,2,1,2,1,5,5,1,2,4,3,3,3,1
16,,,1,,3,3,3,1,3,3,4,5,2,3,2,3,4,3,3,3,3,3,3,2
47,1,,1,,2,2,3,1,3,4,4,3,2,3,2,4,4,5,4,4,4,4,4,1
41,1,1,1,,1,1,1,1,4,5,3,5,2,1,1,5,5,5,5,5,5,5,5,2
43,1,,1,,2,1,3,2,3,4,4,4,2,3,2,4,3,4,4,4,3,3,3,2
29,,,,,,,,,,,,,,,,,,,,,,,,
55,1,,1,,2,2,2,2,3,4,4,3,2,3,2,4,4,4,4,4,4,4,4,2
55,1,,1,,2,2,2,2,4,,,,,,,,,,,,,,,2
63,1,1,1,,4,1,2,1,4,5,5,5,1,2,1,5,5,5,3,5,5,2,2,2
25,,,,,2,1,2,2,4,4,4,4,3,3,2,4,3,2,2,2,3,3,3,2
7,,,1,1,2,1,2,2,4,4,4,4,3,3,2,4,4,4,4,4,3,3,3,
6,1,,,,3,3,4,4,3,3,2,4,2,4,2,4,4,4,4,4,4,4,4,2
17,,,1,,,,,,,,,,,,,,,,,,,,,
42,1,1,1,,1,1,2,5,5,5,5,5,1,2,1,5,5,4,3,5,4,5,5,1
62,,,1,,4,3,4,3,2,3,3,4,2,5,2,4,4,4,3,4,4,3,4,1
43,1,1,1,,2,2,4,2,4,4,4,4,2,2,2,4,4,4,4,4,4,4,4,1
46,1,,1,,2,1,2,1,3,3,3,4,2,4,2,4,4,4,4,4,4,4,4,2
15,,,1,,3,3,3,3,3,3,3,3,3,3,2,4,3,3,3,3,3,3,3,1
42,1,,1,,1,1,2,2,4,5,4,5,1,2,1,4,4,4,3,4,4,3,4,1
7,,,1,1,3,3,3,3,3,3,3,3,3,3,3,4,3,3,3,3,3,3,3,1
10,,,1,,1,1,2,1,4,4,4,5,2,3,2,4,5,3,2,3,5,2,4,1
64,,1,1,,1,1,2,1,4,4,4,5,3,2,1,5,5,5,4,5,5,5,5,1
67,,,1,,4,2,2,2,2,3,4,4,2,3,2,4,3,4,3,4,4,3,4,1
66,1,,,,3,3,3,3,3,3,4,2,3,3,3,3,3,3,3,3,3,3,3,1
17,1,,1,1,3,3,3,3,3,4,4,4,2,2,2,4,4,4,4,4,3,3,3,2
55,1,,1,,2,3,3,2,2,4,5,4,4,4,2,4,2,2,4,3,2,2,2,2
24,1,1,,,3,1,1,4,2,3,4,5,1,1,1,5,5,4,4,4,4,3,3,2
5,1,,1,1,2,2,3,2,4,4,5,5,2,1,1,5,5,4,4,5,4,4,4,1
49,1,,1,,3,2,2,2,3,4,5,3,1,3,1,5,4,2,2,2,5,5,5,2
48,,,1,,2,2,3,3,3,3,3,3,,3,3,3,3,4,3,3,,3,3,1
5,1,1,1,,1,1,1,1,5,4,4,5,3,1,1,5,5,4,4,4,4,3,4,1
9,,,,,3,3,3,3,3,3,3,3,3,4,3,3,3,2,2,2,2,2,2,2
29,1,1,1,,2,2,2,1,5,5,5,5,1,4,3,4,4,5,1,2,5,1,1,1
26,1,,1,,1,1,1,1,5,4,5,5,1,1,1,5,5,5,5,5,5,5,5,1
10,,,1,,1,1,2,1,3,4,4,4,3,3,3,3,3,4,4,3,2,2,2,2
4,1,,1,,2,2,3,2,3,3,3,5,1,2,2,4,4,3,3,3,3,3,3,1
10,1,1,1,,2,1,4,1,3,4,4,5,1,2,2,4,4,4,4,5,4,4,4,2
10,1,,1,,1,1,1,1,5,5,5,5,1,1,1,5,5,5,5,5,5,5,5,1
14,1,,1,,,,,,,,,,,,,,,,,,,,,
53,,,1,,2,2,2,2,3,3,4,4,2,2,2,4,4,2,3,3,2,3,3,2
27,1,,1,,3,3,3,3,3,3,3,3,3,3,3,3,3,5,5,5,5,5,5,1
55,,1,,,4,4,4,4,2,2,4,2,2,5,4,2,2,4,4,4,4,2,2,2
57,1,,1,,3,5,3,2,3,4,4,3,2,3,1,5,5,3,3,3,3,3,3,1
15,1,,1,,1,2,2,2,3,3,4,2,2,4,2,4,4,4,2,3,4,4,4,2
10,1,,1,,1,1,3,2,4,4,5,5,2,3,2,5,5,4,3,5,4,3,5,1
17,1,,1,,3,2,4,3,3,2,4,,1,3,1,5,4,3,2,2,2,2,2,2
2,1,,1,,2,2,3,3,3,2,4,5,1,2,1,5,5,3,1,2,4,1,2,1
9,1,,,,1,1,1,1,3,4,2,5,2,3,2,4,5,2,4,3,4,3,4,2
62,1,,1,,2,2,2,2,4,4,5,5,2,1,1,5,5,4,4,5,4,4,5,1
39,,,1,,2,1,4,4,3,3,5,5,2,2,1,3,5,3,3,4,4,4,4,2
5,,,,,,,,,,,,,,,,,,,,,,,,
5,1,,,,2,2,3,2,2,2,4,4,3,4,4,3,3,4,3,3,4,3,2,1
41,1,,1,,1,1,3,2,4,5,4,5,1,2,1,5,5,4,4,4,5,5,5,1
13,,,,,1,1,3,2,4,5,5,5,1,1,1,5,5,5,5,5,5,5,5,2
45,,,,,2,3,4,2,5,3,5,5,2,2,1,5,5,2,3,3,5,5,5,2
63,1,,1,,1,1,3,1,3,2,4,4,3,3,3,3,4,2,1,1,1,1,1,2
6,,1,1,,2,2,4,3,3,3,4,4,2,3,2,5,5,4,4,4,5,4,4,2
41,1,,1,,3,3,3,3,3,3,3,3,3,3,3,3,3,3,3,3,3,3,3,1
70,1,1,1,,1,2,,3,,,,,,,,,3,,,,,,,
19,,1,,,1,1,4,3,3,3,4,4,1,3,2,5,5,2,3,1,3,3,1,2
29,,,1,,,,,,,,,,,,,,,,,,,,,
43,1,,1,,3,1,1,1,1,3,3,4,2,3,2,4,5,5,4,4,5,4,5,
20,,,1,,3,1,4,1,3,3,3,3,3,3,3,3,3,3,3,3,3,3,3,2
4,1,1,1,,2,2,2,4,4,3,3,4,2,4,2,4,4,5,5,5,5,5,5,1
2,,,,,2,1,3,2,3,5,5,4,1,4,3,5,4,4,3,4,4,4,4,2
66,1,1,1,,2,1,1,5,5,5,5,5,1,4,1,5,5,5,5,5,3,3,3,1
,,,,,,,,,,,,,,,,,,,,,,,,
1,1,,1,1,3,2,3,2,3,3,4,4,2,2,2,4,4,4,3,4,4,4,4,1
39,,1,,,1,1,3,1,4,1,1,5,1,3,1,5,4,4,2,5,4,1,1,2
26,1,,1,,1,2,3,2,5,4,5,5,2,2,1,5,5,4,4,4,4,4,4,2
32,,,1,,2,2,3,1,4,4,3,3,2,4,3,3,3,,,,,,,
51,1,1,1,,4,2,2,2,3,4,3,4,2,4,2,4,2,4,3,4,2,4,4,1
51,1,1,1,1,4,1,2,4,4,4,4,4,2,4,2,4,4,2,2,4,2,4,4,2
63,1,,1,,2,1,3,2,4,2,4,4,2,3,2,5,5,4,2,4,5,4,5,1
8,,,1,,1,1,2,1,4,4,4,4,2,1,1,5,5,4,4,4,5,4,4,1
63,1,,1,,1,1,1,1,4,5,4,5,3,2,1,5,5,4,1,4,4,4,4,1
63,1,1,1,,2,1,3,2,5,4,4,4,2,2,1,5,5,4,3,4,4,3,4,1
46,,,1,,1,3,3,2,3,3,2,5,1,2,2,5,4,2,1,1,3,1,1,2
43,,1,1,,2,1,3,2,5,5,5,5,3,3,2,4,5,5,4,4,5,4,4,
66,1,1,1,,1,1,1,1,5,5,5,5,4,3,1,5,5,4,4,5,5,4,4,2
55,1,1,1,,2,4,4,4,4,4,4,5,3,4,2,5,4,3,4,4,3,4,3,2
29,,,,,,,,,,,,,,,,,,,,,,,,
43,1,1,1,,2,2,2,1,4,3,4,4,3,3,2,4,4,5,4,5,4,3,4,1
63,,,1,,3,1,1,2,3,3,3,3,3,3,2,4,4,2,4,4,4,4,4,2
5,1,,1,,4,2,3,2,3,3,4,3,4,4,3,4,3,4,3,4,3,3,3,1
63,,,1,,1,1,2,1,4,4,5,5,1,3,1,5,5,5,4,4,5,4,4,1
12,1,1,1,,2,2,3,2,3,4,3,4,2,3,4,4,4,3,3,3,3,3,3,2
57,1,,1,,2,1,2,,2,3,4,5,3,4,2,4,4,4,3,3,3,3,3,2
2,1,,,,4,4,3,3,4,3,5,4,1,2,2,4,5,4,3,4,3,2,2,2
55,,,,,1,1,3,1,1,4,5,5,4,4,1,3,4,3,4,3,4,3,3,2
46,1,,,,1,1,3,3,1,3,3,5,1,1,2,5,5,4,1,4,1,1,1,2
7,,,1,1,4,2,2,2,4,4,4,4,4,4,3,4,3,4,4,4,4,3,4,1
17,,,1,,2,2,3,2,3,2,2,4,2,4,2,4,4,4,4,4,4,4,4,2
17,1,,1,,2,3,2,3,3,4,4,4,3,3,2,4,4,4,5,4,4,4,4,1
10,,,1,,1,1,2,2,4,4,4,4,3,4,1,5,5,5,5,5,5,5,5,1
17,1,,1,,3,2,3,1,2,2,4,5,2,4,1,4,5,4,3,5,4,3,5,1
17,1,,1,,4,4,3,3,3,3,4,4,4,4,3,3,3,2,2,2,2,2,2,2
10,,,1,,2,2,2,2,2,3,4,5,2,2,2,4,4,4,4,4,4,3,4,1
18,1,,,,3,3,3,3,2,3,3,5,1,3,1,5,5,3,3,3,4,3,3,2
55,1,,,,3,2,4,2,3,2,4,5,2,4,2,4,3,2,2,2,3,3,3,2
1,,,,,,,,,,,,,,,,,,,,,,,,
17,,1,1,,1,1,2,1,4,3,4,3,3,4,3,4,4,2,3,3,1,1,1,2
17,1,1,1,,1,1,1,1,3,3,3,5,1,1,1,4,5,4,5,5,3,3,3,1
6,1,1,1,1,4,2,3,4,5,4,3,4,1,1,1,5,5,,,,,,,
32,,,1,,2,1,3,1,4,5,5,5,1,3,1,5,5,5,5,5,5,5,5,1
10,1,,1,,1,1,1,1,3,3,4,4,3,3,2,4,4,3,3,4,3,3,3,1
10,,,1,,2,2,3,2,3,3,5,5,4,4,2,4,5,3,3,5,3,3,3,1
31,,,,,,,,,,,,,,,,,,,,,,,,
52,1,,1,,3,3,2,2,3,3,3,3,2,3,2,4,3,2,3,3,2,3,3,1
9,,,1,,3,3,4,2,3,3,5,5,1,4,3,5,3,5,5,5,4,3,3,1
3,1,,1,1,1,1,3,1,3,4,3,3,2,2,2,5,4,4,3,4,4,3,4,1
10,1,,1,,3,4,3,3,4,4,4,4,3,2,3,4,5,3,3,3,3,3,3,2
11,,,1,,2,2,2,2,4,4,4,4,4,4,2,3,3,4,4,4,4,4,4,2
26,,,1,,1,3,3,3,2,2,4,4,3,3,1,4,5,4,3,3,4,3,3,2
46,1,1,1,,2,2,2,2,4,4,4,3,1,2,1,5,5,4,3,3,4,3,3,1
16,1,1,1,,3,2,3,2,3,4,5,5,1,1,2,5,5,4,4,4,4,1,4,2
39,,,,1,5,2,3,3,3,3,5,3,3,5,1,5,4,4,2,1,4,1,1,2
13,,,1,,4,4,4,3,3,3,3,4,3,4,3,4,3,4,2,2,2,2,2,2
10,,,1,,1,1,2,2,4,4,4,4,1,2,2,5,4,3,4,4,5,4,5,1
66,,1,1,,2,2,4,2,4,4,4,4,4,3,1,5,3,2,2,2,2,2,2,2
49,,,1,,1,1,2,1,4,5,3,4,1,2,1,5,4,4,4,4,5,3,5,2
14,1,,1,1,2,3,3,3,1,1,1,4,2,4,4,4,4,1,2,3,2,2,2,1
42,1,1,1,,3,3,3,3,4,4,4,5,3,4,3,3,3,4,3,4,4,3,4,1
63,,,1,,2,3,2,1,3,3,5,4,1,2,1,5,4,3,3,3,3,3,3,1
46,,1,1,,3,4,2,3,4,3,4,5,4,4,4,4,3,3,3,3,5,3,4,2
29,1,,1,1,1,4,4,2,5,5,5,4,2,4,1,5,2,5,2,2,5,2,2,2
63,,,,,,,,,,,,,,,,,,,,,,,,
25,1,,1,,3,2,2,1,4,4,5,4,1,2,1,5,5,2,4,4,4,4,4,
46,1,,,,4,3,3,2,3,3,4,4,2,3,2,4,4,3,3,3,3,3,3,2
14,,,,,1,1,1,1,1,2,5,5,1,2,1,5,5,4,4,4,4,3,4,2
43,1,,1,,3,2,3,4,3,3,4,4,2,4,3,3,3,4,4,4,4,4,4,1
54,1,,1,,2,3,3,2,3,3,3,5,2,3,2,4,4,4,2,4,4,2,4,2
51,1,1,1,1,2,2,2,2,3,3,4,4,2,2,2,5,5,4,4,3,4,4,4,1
25,,1,1,,1,1,1,1,4,3,4,4,1,1,1,5,5,4,5,4,2,4,4,1
16,1,1,1,,2,4,4,2,3,3,4,5,3,4,3,4,4,4,5,5,4,4,4,1
2,,,1,,2,1,2,2,4,4,4,5,2,4,2,4,4,2,2,4,4,2,3,2
24,1,1,1,,2,2,2,2,2,2,4,4,2,3,2,4,3,1,2,2,2,2,2,2
46,1,,1,,4,3,4,4,2,3,4,5,1,3,2,5,4,4,3,3,4,2,3,2
12,,,1,,2,1,3,2,4,4,5,5,3,3,2,5,4,4,4,4,5,5,5,2
19,1,1,,,2,1,3,2,3,3,5,5,2,2,2,5,5,2,4,4,2,3,3,1
51,1,1,1,,2,2,3,2,3,4,4,4,2,2,2,4,4,3,3,4,4,3,3,
43,1,1,1,1,,,,,,,,,,,,,,4,4,4,4,4,4,2
62,,,1,1,1,1,2,2,4,4,4,4,2,2,2,5,5,2,3,3,4,3,3,1
42,1,1,1,,1,1,2,1,5,4,4,4,2,3,2,4,4,4,2,3,1,1,1,1
29,,,1,,3,1,4,2,5,5,5,5,2,2,1,5,5,3,3,4,5,5,5,1
51,,1,1,,4,4,3,4,1,3,4,4,4,4,4,4,3,4,4,4,4,4,4,2
16,,,,,1,1,3,1,3,5,5,5,3,3,1,5,5,4,3,4,5,1,4,2
18,,1,,,4,2,3,2,2,4,4,4,2,3,2,4,4,4,4,4,4,3,3,2
46,1,,,1,1,1,1,4,4,4,5,5,1,4,2,4,5,4,2,2,4,4,4,2
13,1,,1,,4,4,3,4,5,5,4,3,2,3,1,5,5,3,3,4,4,1,1,2
61,,,1,,5,4,4,4,5,5,5,5,2,2,2,4,5,4,4,4,5,5,5,2
47,1,1,1,,1,1,2,3,4,4,4,5,2,2,2,4,4,3,2,4,3,3,4,1
62,,1,1,,1,1,2,2,5,4,5,5,3,4,1,5,5,4,3,4,4,,4,2
55,1,,1,,2,2,2,1,3,3,4,4,1,3,1,5,5,4,4,4,4,4,4,2
29,1,,1,,4,3,3,4,2,2,5,4,2,2,2,4,4,4,4,4,4,4,4,2
55,1,,1,,2,3,4,3,2,3,5,4,1,2,2,4,3,4,2,3,4,2,2,2
51,,1,1,,2,2,3,1,2,2,4,4,4,3,1,4,4,3,4,4,1,3,3,1
39,,1,1,,3,3,3,3,2,2,3,3,2,3,2,4,4,2,2,3,2,2,2,2
39,,,,,4,1,4,3,3,4,3,5,2,3,2,4,4,4,3,3,4,4,4,2
57,,,1,,1,1,3,3,3,3,4,3,3,2,2,4,3,4,4,3,3,3,3,1
17,1,,1,,3,2,3,3,3,3,2,4,2,3,2,3,3,3,4,4,3,3,3,1
63,1,1,1,,1,1,2,1,4,4,4,5,2,3,3,4,4,2,2,2,3,3,3,1
17,,,,1,2,3,5,4,4,4,4,5,2,4,2,4,4,3,3,3,3,3,3,1
46,1,,1,,1,1,3,2,2,4,5,4,3,3,4,4,4,4,4,4,5,3,4,2
68,1,1,1,,1,1,1,1,5,5,5,5,1,1,1,5,5,5,5,5,5,5,5,1
43,1,,1,,2,2,2,2,2,4,4,4,4,4,2,4,4,4,4,4,4,4,4,1
49,,,1,,2,1,2,5,5,5,5,5,3,3,1,5,5,4,2,4,5,5,5,1
10,,,1,,3,2,3,3,4,3,4,4,2,3,2,4,4,2,2,2,2,2,2,2
20,1,,,,,,,,,,,,,,,,,,,,,,,2
61,,,,,1,1,1,1,5,5,5,5,1,1,1,5,5,3,2,2,4,4,3,2
26,1,,1,1,3,3,3,3,3,3,3,4,3,4,2,3,3,2,3,4,4,3,4,1
5,,,1,,1,1,2,1,3,4,4,4,4,3,2,4,4,4,4,4,4,4,4,1
29,,,1,,2,2,4,1,3,4,4,3,3,2,2,3,4,3,4,4,2,4,4,2
55,1,,1,,1,1,3,2,4,4,5,3,2,3,2,4,4,2,1,4,4,2,3,2
9,,,1,,2,2,2,2,2,2,3,3,1,3,2,3,4,3,3,3,3,3,3,2
24,1,1,,,2,1,2,1,3,3,4,2,1,2,2,4,4,4,3,3,4,3,3,2
23,1,,1,,2,3,4,1,4,4,5,4,3,5,2,4,4,4,4,4,2,4,4,2
17,1,,1,,2,2,2,2,4,4,4,4,4,2,2,4,4,4,4,4,4,4,4,1
63,1,1,1,,2,2,3,2,3,3,4,4,2,3,2,4,4,4,3,3,4,3,3,1
29,1,,1,,2,2,3,3,2,3,3,3,3,3,2,4,4,4,4,4,4,4,4,2
16,,,,,2,1,4,3,3,4,5,5,2,3,1,5,5,4,4,4,3,3,3,2
10,,,1,1,2,2,2,3,3,4,5,4,1,1,1,5,5,4,2,4,5,5,5,2
9,1,,1,,1,1,2,1,4,2,5,4,2,1,2,5,5,3,3,4,2,2,2,2
1,1,,1,,1,1,2,3,2,2,2,3,3,3,2,4,3,3,3,3,2,3,3,1
37,1,,1,,2,2,3,,,,,,,,2,4,4,3,2,3,5,5,5,1
56,1,,1,,2,3,3,4,1,1,2,1,1,3,2,4,3,4,3,3,4,3,3,2
1,1,,,,2,2,3,2,3,4,4,4,4,2,2,4,4,4,4,4,4,3,4,1
43,,1,1,,3,2,3,1,3,4,4,5,1,3,2,5,4,3,5,4,3,2,2,1
7,,1,,1,3,3,3,3,3,3,3,4,2,2,1,4,5,4,2,4,2,2,2,1
9,,,1,,2,3,4,2,2,3,5,2,4,4,2,5,4,4,4,4,2,2,2,1
43,1,1,1,,3,3,3,2,3,3,3,3,3,4,4,4,4,3,3,3,3,3,3,1
29,1,,1,,3,3,3,3,2,3,4,4,1,2,2,3,3,4,3,3,4,2,2,2
1,1,,1,,2,2,2,2,3,3,4,4,2,3,2,4,4,2,2,2,4,4,4,1
6,1,,,,4,2,2,4,3,3,4,4,4,4,2,4,4,4,4,4,4,4,4,2
9,1,,1,,1,2,3,2,3,2,3,5,1,2,2,4,4,2,2,2,2,2,2,2
51,1,1,1,,2,2,2,2,2,4,3,4,2,4,2,4,4,3,3,4,2,2,3,1
57,1,,1,,3,2,3,2,3,4,4,4,2,3,2,4,4,4,3,4,4,3,3,1
17,1,,1,,3,2,3,4,3,3,3,4,5,5,2,4,4,3,3,3,3,3,3,1
1,,,1,,4,4,5,4,2,3,4,4,2,3,2,4,4,4,4,4,4,4,4,2
46,1,,,,3,1,3,3,3,3,4,4,3,3,1,5,4,3,3,3,3,3,3,2
31,,,1,1,3,2,2,3,3,4,4,4,2,2,2,4,4,4,3,4,4,4,4,1
51,,1,1,,2,3,3,2,2,3,4,3,2,4,4,2,3,4,3,3,2,2,2,2
43,1,,,,2,2,3,2,3,3,3,4,3,3,3,4,3,3,3,4,4,3,4,1
55,1,,1,,4,5,4,3,2,4,2,5,5,4,2,4,3,3,4,4,3,3,3,2
61,,,1,,2,2,3,2,3,4,4,4,1,2,1,5,4,4,4,4,4,4,4,1
69,1,,,,2,2,2,2,4,4,4,4,2,3,2,4,5,4,5,5,4,4,4,1
5,1,1,1,,4,2,3,2,3,4,4,5,2,2,2,5,5,4,3,4,4,4,4,1
4,,,1,,2,2,3,4,2,4,5,5,1,2,1,5,5,4,4,4,5,5,5,1
28,1,,1,,1,1,2,1,5,5,4,5,2,2,1,5,4,5,5,5,5,5,5,1
10,1,,,,3,3,4,2,4,3,3,5,4,4,3,4,5,3,3,4,4,4,4,2
2,,,,,2,2,3,3,3,4,4,4,2,1,1,5,5,3,3,3,3,3,3,2
26,,,1,,3,3,3,3,3,4,4,4,3,3,3,4,4,4,4,4,4,4,4,1
46,1,,,,2,2,3,2,2,3,4,4,4,2,1,5,5,3,2,3,4,2,4,1
22,1,,1,,4,4,3,2,4,3,4,4,1,3,2,4,3,4,4,4,4,3,3,1
22,1,1,1,,2,2,3,2,4,3,4,4,2,3,2,4,4,3,4,4,3,3,3,1
27,1,1,1,,1,1,3,1,4,4,5,5,3,3,2,4,5,4,4,4,2,3,4,1
29,,,1,,1,2,5,5,1,2,5,5,1,4,1,4,3,4,3,1,1,1,1,2
61,1,,1,,3,3,3,3,3,3,3,3,3,3,3,3,3,3,3,3,3,3,3,2
49,,,1,,2,2,2,2,4,4,3,4,2,3,1,4,5,3,3,3,3,4,3,1
7,1,,1,,1,1,3,3,3,4,4,2,2,3,2,4,4,3,3,3,3,3,3,2
10,,,1,,2,2,2,3,5,4,5,3,3,3,2,4,4,4,3,4,4,3,3,1
52,,,1,,4,4,3,2,2,2,4,4,4,5,4,4,3,4,4,4,4,3,3,1
52,1,,,,3,3,3,3,3,3,3,3,2,3,2,4,3,2,2,3,2,2,3,2
14,1,,1,,2,3,4,2,2,4,4,4,2,2,1,5,4,2,4,2,3,4,3,1
30,1,,,,1,1,3,2,3,4,4,5,2,3,2,4,4,2,3,3,3,3,3,1
63,,1,1,,2,2,2,3,2,3,4,3,2,4,1,5,4,4,3,4,3,3,3,1
55,,,,,3,3,3,3,3,3,3,3,3,3,3,3,3,4,4,4,3,3,4,
53,1,,1,,3,3,4,2,3,3,4,2,2,3,2,4,3,3,3,4,4,4,4,2
55,1,,,,2,2,3,2,3,3,3,5,2,3,2,3,3,4,4,4,5,5,5,2
37,1,,1,,2,2,3,3,4,4,4,5,2,2,1,4,4,2,2,2,4,4,4,1
55,1,,1,,2,1,1,1,5,4,5,5,2,4,1,5,5,4,2,4,4,4,4,2
46,1,1,1,,1,1,2,1,3,4,4,4,3,2,2,4,4,4,3,4,4,3,3,1
29,1,,1,,2,1,3,2,4,4,3,4,2,3,2,4,4,2,3,3,2,3,3,1
14,,,1,,1,3,4,1,4,4,5,2,1,1,2,5,4,5,3,4,5,4,4,1
49,,,1,,1,1,3,1,4,4,5,4,2,3,1,5,5,4,2,3,5,5,5,2
55,1,,1,1,2,1,2,2,2,4,5,5,2,3,1,4,5,4,4,4,5,5,5,2
50,,,1,1,4,3,3,2,3,4,4,4,2,3,2,4,4,4,3,4,4,3,4,2
55,1,,1,,4,3,3,3,4,4,4,3,2,3,2,5,5,4,3,4,4,4,4,2
29,,,1,,2,3,2,2,2,3,3,5,1,1,1,5,3,4,3,4,4,4,4,2
21,,,1,,5,5,5,2,1,4,4,1,1,5,1,4,1,4,3,4,3,3,3,2
1,1,,,,3,2,2,2,4,3,2,5,2,3,2,5,4,4,2,4,3,3,3,1
50,1,1,1,,5,5,3,3,3,4,3,4,2,4,3,4,4,3,3,4,2,3,2,2
50,1,,1,,2,2,2,1,4,4,5,5,1,3,1,4,5,2,3,3,2,2,2,2
45,,,,,3,3,3,4,2,3,3,4,4,4,2,4,4,4,2,3,4,2,2,2
51,,,1,,2,4,4,2,5,4,5,5,1,2,1,5,5,4,2,5,4,2,5,2
29,1,,,,3,2,2,2,4,4,5,4,3,3,2,2,4,2,2,2,2,2,2,2
29,1,,1,,1,1,2,2,2,2,3,4,2,2,2,4,4,3,3,3,3,3,3,2
46,,,1,,1,3,4,3,3,4,5,4,1,1,1,5,4,4,3,3,3,3,3,2
43,1,,,,,,,,,,,,,,,,,,,,,,,1
55,1,,1,1,4,3,4,2,2,3,3,4,1,2,2,5,5,4,3,4,4,4,4,2
45,1,,1,,1,1,1,1,1,3,5,5,1,1,1,5,5,5,5,5,5,5,5,2
6,,,,,3,2,3,1,4,3,5,5,2,1,1,5,5,4,4,5,5,5,5,1
64,1,1,1,,3,2,2,4,3,4,4,4,3,3,2,4,5,4,3,4,4,5,5,1
1,1,,1,,2,2,3,2,3,3,4,3,2,3,2,4,4,4,3,4,4,3,3,1
17,,1,,,3,2,2,1,1,1,4,5,2,1,1,5,5,3,1,1,1,1,1,2
17,1,,1,,3,2,3,2,3,3,4,5,2,3,1,4,4,4,4,5,4,4,4,1
15,1,,1,,3,2,4,3,2,3,3,3,3,4,2,4,3,3,3,3,3,3,3,1
31,1,1,1,,2,2,3,2,3,3,4,4,3,4,3,4,4,4,3,3,4,3,3,1
38,1,,1,,2,2,3,2,4,4,4,5,3,4,2,3,3,3,5,4,4,2,2,2
62,1,,,,1,1,1,1,3,5,5,1,1,1,1,5,5,5,5,5,5,5,5,2
29,1,,1,1,2,2,2,2,4,4,3,4,2,2,1,5,5,4,3,4,4,2,4,1
49,,,1,,2,1,2,3,4,4,4,5,2,2,2,4,4,4,3,4,5,5,5,2
66,,,,,1,1,2,2,3,3,4,5,2,3,2,4,4,4,3,3,4,3,3,2
49,,,1,,2,2,3,2,2,4,4,4,4,3,2,4,4,3,3,3,4,3,3,1
10,1,,1,,2,1,1,1,4,4,5,5,2,2,1,5,5,4,5,5,5,5,5,1
29,1,,,,1,1,3,2,3,4,4,,2,1,1,5,5,4,4,4,5,5,5,1
55,,1,1,,4,2,2,2,4,3,4,3,5,5,4,4,3,5,4,5,4,3,3,2
10,1,,1,,1,2,3,2,4,4,5,4,4,4,2,4,4,4,2,5,2,4,4,1
14,,1,,,2,1,2,2,4,4,5,4,3,3,2,4,4,5,4,4,5,4,4,2
1,1,,,,4,2,2,2,4,4,4,3,3,5,1,5,5,5,3,3,5,5,4,1
29,1,,1,,2,3,3,2,2,2,4,3,2,3,2,4,4,4,4,4,2,4,4,2
43,1,1,1,,3,3,3,3,3,4,4,3,2,3,1,4,4,3,3,5,5,4,5,1
54,,,,,3,2,2,3,3,4,4,3,3,2,2,3,3,3,2,3,2,2,2,1
29,1,,1,,2,2,3,3,3,2,4,4,2,2,2,4,4,3,2,2,2,2,2,1
17,1,1,1,,3,1,2,2,3,4,5,5,1,4,1,5,5,4,4,4,5,4,4,2
3,,,,,2,2,4,4,2,2,4,4,1,4,2,3,4,,,,,,,2
64,,1,1,,3,2,3,3,3,3,5,4,3,3,3,4,3,3,3,4,4,3,4,1
39,1,,1,,1,1,2,1,2,3,4,4,2,3,2,4,4,3,3,3,3,3,3,1
17,1,1,,,2,1,3,3,4,4,4,5,2,3,2,4,4,3,2,4,4,2,4,1
36,1,,,,2,2,3,2,3,3,3,3,3,3,2,3,3,4,2,4,3,3,3,2
11,1,1,,,4,2,4,4,3,3,4,5,2,3,1,5,5,4,3,3,4,2,4,2
63,1,1,,,3,3,3,3,3,3,3,3,3,3,3,3,3,3,3,3,3,3,3,2
54,1,,1,,1,2,3,2,3,3,5,5,3,3,2,4,5,3,3,3,4,3,4,1
43,,1,,,1,1,3,1,3,3,4,5,2,1,1,5,5,1,3,3,1,3,3,1
42,1,1,1,,1,1,2,1,3,4,4,3,1,2,1,5,5,5,3,3,5,5,5,1
13,1,,1,,1,2,3,1,3,4,4,5,2,2,1,4,4,2,2,4,3,3,3,2
26,1,,1,,2,1,3,2,4,5,5,5,1,3,2,4,4,4,3,4,4,4,4,1
17,,,1,,2,4,2,2,4,2,4,4,3,4,2,4,2,4,4,4,4,3,3,1
13,,,1,,3,3,4,4,2,2,5,3,1,4,1,3,3,4,5,4,2,2,2,2
14,1,,1,,3,2,3,3,5,5,5,5,1,1,1,5,5,4,4,3,4,4,4,1
10,,,1,,1,1,3,2,3,3,4,4,2,3,2,4,4,3,3,3,3,3,3,1
24,1,,1,,3,2,2,3,3,3,5,5,2,3,1,5,5,4,3,3,4,4,4,2
50,1,,1,,2,1,2,2,3,4,4,4,2,3,4,4,4,3,3,3,2,2,2,1
50,1,1,1,,3,3,3,2,3,2,3,4,3,2,2,4,4,4,3,4,4,2,4,2
36,1,,,,2,1,2,1,4,4,5,5,2,3,2,4,4,2,3,3,2,4,3,1
46,,1,,,4,4,3,2,3,3,4,4,3,3,2,4,4,2,2,2,2,2,2,2
52,1,,1,1,1,1,2,2,4,5,4,5,2,2,2,4,4,3,4,4,4,3,3,1
54,,,,,2,2,3,1,3,4,4,4,1,2,1,5,5,1,2,3,3,3,3,2
64,1,1,1,1,2,1,2,1,4,5,5,5,2,2,3,5,5,5,5,5,5,5,5,2
29,,,1,,2,2,2,2,3,3,3,5,1,3,1,5,5,3,3,3,3,3,3,2
49,1,1,1,1,1,1,2,1,5,5,5,5,1,1,,5,5,5,5,5,5,5,5,1
67,1,,1,,2,1,2,2,3,4,4,4,2,4,3,3,3,2,2,3,2,2,3,1
7,1,,,1,2,2,,2,4,,,,,,,,,,,,,,,2
42,1,1,1,,,,,,,,,,,,,,,,,,,,,
1,1,,1,,4,2,3,3,2,3,4,3,2,3,2,3,3,2,3,3,1,2,3,2
62,1,1,1,,2,1,3,3,4,3,4,5,3,3,1,5,4,4,4,4,4,4,4,1
55,,,,,,,,,,,,,,,,,,,,,,,,
18,,,,,,,,,,,,,,,,,,,,,,,,
63,1,,1,,2,2,3,2,3,4,4,4,2,3,2,4,3,3,2,4,2,2,2,1
27,,1,1,,3,3,4,4,4,3,3,5,2,2,2,4,4,,,,,,,
43,1,,,,,,,,,,,,,,,,,,,,,,,
52,1,,1,,2,2,3,2,3,3,5,5,4,3,2,4,5,,,,,,,
45,1,,1,,2,2,3,2,3,3,4,4,2,3,2,5,4,2,3,3,3,4,4,1
43,,,1,,2,2,3,2,2,3,3,3,3,3,3,3,3,3,3,3,3,3,3,1
17,,,,,,,,,,,,,,,,,,,,,,,,
1,1,,1,,1,2,2,3,4,4,4,4,2,2,1,4,5,5,3,4,5,3,5,2
10,1,,1,,2,1,2,2,3,4,4,5,1,2,2,5,4,4,3,4,3,3,4,1
54,,,,,1,2,2,1,1,4,5,5,3,4,3,3,3,3,3,3,2,3,3,2
51,,,,,,,,,,,,,,,,,,,,,,,,
10,,,1,,1,1,3,2,4,4,5,4,1,4,1,5,3,1,2,2,5,2,2,2
17,1,,,,1,1,2,1,4,5,4,4,2,3,2,5,4,5,4,4,4,3,3,1
63,,,,,2,3,4,2,3,3,4,3,4,3,2,4,3,3,2,4,4,2,4,2
10,,,1,,4,3,3,1,3,3,5,5,3,3,2,4,3,2,2,3,3,2,3,1
51,,1,1,,2,2,2,2,3,4,4,3,2,2,2,4,3,4,2,4,2,2,4,1
17,,,1,,3,3,3,2,3,3,4,3,4,4,2,4,3,5,4,4,4,2,3,2
48,1,,1,,3,2,2,2,3,4,4,4,2,3,2,4,4,4,2,4,4,2,4,1
7,1,,1,1,1,1,3,2,5,5,5,4,2,3,2,5,5,5,4,5,4,2,3,2
43,1,,,,3,2,3,2,4,4,4,5,2,3,2,4,4,5,4,5,4,3,4,2
55,1,1,,,1,1,1,1,4,4,5,4,2,3,2,4,4,2,4,3,3,4,3,2
15,,,,,,,,,,,,,,,,,,,,,,,,
14,1,,1,,2,2,3,2,3,3,3,4,2,4,3,4,4,2,4,3,1,3,3,
43,1,,,,2,3,3,2,3,4,4,5,1,3,1,5,5,2,2,2,2,2,2,1
63,,,,,3,2,3,1,2,3,4,5,2,2,1,5,5,4,4,4,4,3,3,1
17,,,,,,,,,,,,,,,,,,,,,,,,
53,,,,,,,,,,,,,,,,,,,,,,,,
67,,,,,1,2,3,1,3,3,4,5,1,3,1,5,5,2,3,3,3,3,3,1
43,,,1,,4,4,3,2,3,3,4,4,2,3,2,4,4,3,4,4,3,3,3,1
42,1,1,1,,2,3,3,1,4,5,5,5,2,2,1,5,5,4,5,5,4,3,5,1
42,,,,,,,,,,,,,,,,,,,,,,,,
6,1,,1,,2,2,4,2,3,3,4,5,2,3,1,5,4,4,3,4,4,4,4,
52,,,,,,,,,,,,,,,,,,,,,,,,
10,,,,,2,1,2,2,4,4,5,5,2,2,2,4,5,2,3,4,4,2,2,2
55,1,1,1,,4,2,2,1,4,4,4,5,1,2,1,5,5,3,2,5,4,2,4,2
27,1,1,1,,1,1,2,5,4,5,5,4,1,1,2,5,5,5,5,5,5,3,5,
5,1,,1,,3,3,3,2,3,3,4,3,3,5,2,4,3,2,3,3,4,3,3,1
43,,1,1,,2,2,3,3,3,3,4,4,3,4,3,4,4,3,3,4,4,3,4,1
9,,,1,,2,1,2,1,3,3,5,5,2,2,1,5,5,4,3,4,3,3,4,1
9,1,,1,,4,4,3,2,3,4,5,4,2,2,2,4,5,,,,,,,
68,,1,1,,2,2,3,1,4,4,4,4,2,3,3,4,4,4,2,4,4,2,4,1
10,,1,1,,2,1,4,5,3,3,4,5,1,3,1,5,5,4,2,4,2,2,2,1
26,1,,,,2,2,2,2,4,4,4,3,1,4,4,5,4,2,4,3,3,4,3,2
39,,,1,,2,2,2,2,3,3,3,3,3,3,3,3,3,3,3,3,3,3,3,1
66,,,,,,,,,,,,,,,,,,,,,,,,
57,1,,,,2,2,2,2,5,4,5,4,3,3,2,4,4,3,3,3,5,5,3,2
1,1,,,,3,3,4,4,3,3,3,5,3,2,2,4,4,3,3,3,3,3,3,2
20,1,,1,,2,1,3,2,2,3,4,3,3,2,3,4,4,3,2,3,3,3,3,2
58,1,1,1,,4,3,3,3,1,4,4,4,1,3,2,4,4,5,1,1,5,1,1,2
9,1,1,1,,4,3,2,3,2,2,5,4,2,1,1,4,4,5,5,5,5,5,5,1
17,,1,,,3,3,3,3,3,3,3,3,3,3,3,3,3,3,3,3,3,3,3,1
17,1,1,,,2,1,2,1,4,4,5,5,2,2,3,4,4,3,4,4,3,4,4,
56,1,,,,4,4,4,2,3,5,5,5,2,4,2,5,4,3,1,1,4,2,1,2
52,1,,1,,3,2,3,4,3,4,4,4,4,4,3,5,3,3,2,4,4,3,4,2
43,1,,1,,3,4,4,3,4,4,4,4,2,3,2,4,4,3,4,4,3,3,3,2
43,1,,,,3,2,2,3,3,4,4,4,2,3,2,4,4,3,3,3,2,2,2,1
24,,1,1,,1,1,1,1,1,3,3,3,3,3,1,5,5,3,3,3,3,3,3,2
63,1,,1,,2,4,4,2,3,3,4,5,2,4,2,4,5,4,3,3,4,2,2,1
17,1,1,,1,3,2,3,1,2,4,4,5,3,2,1,5,4,4,3,3,3,4,4,1
17,,,,,3,3,3,3,3,3,3,3,3,3,3,3,3,3,3,3,3,3,3,1
46,,,,,1,1,4,1,3,3,4,5,2,2,1,5,5,4,4,3,4,4,3,2
63,,,1,,2,1,3,2,4,4,4,4,2,4,2,4,4,4,3,4,3,3,3,
8,,,,,1,1,1,1,3,5,5,5,1,1,1,5,5,2,2,2,5,5,5,2
17,1,,1,,2,1,3,3,3,4,4,4,3,1,1,5,5,5,5,5,5,5,5,1
51,,,,,,,,,,,,,,,,,,,,,,,,
42,,,,,,,,,,,,,,,,,,,,,,,,
13,1,,1,1,2,1,3,1,4,4,5,4,2,2,1,5,5,5,3,4,5,2,5,2
17,1,,,,2,2,2,2,4,3,3,2,2,3,2,4,4,4,4,4,4,4,4,1
26,1,,1,,3,3,3,3,3,3,4,4,3,2,2,4,3,4,4,4,4,4,4,1
55,1,,1,,3,3,3,3,3,3,3,3,3,3,3,3,3,3,3,3,3,3,3,2
7,,,,,,,,,,,,,,,,,,,,,,,,
69,1,,1,,1,1,2,4,3,4,4,4,3,2,2,5,5,3,3,3,5,3,3,2
63,,1,1,,2,1,3,2,3,4,5,5,3,2,2,5,5,3,3,4,3,3,3,2
5,1,,,,5,2,3,2,1,1,2,4,4,5,4,4,2,3,4,4,3,2,2,1
24,1,,1,,2,2,2,2,2,4,4,4,1,4,1,5,5,4,4,4,3,3,3,2
31,,,1,,3,2,2,1,4,4,4,3,3,4,3,3,3,3,3,4,3,3,4,1
55,1,,,,2,1,3,2,2,3,4,4,2,3,3,3,3,2,4,4,2,3,3,2
5,,,,,1,1,1,1,1,2,4,5,4,5,4,3,3,2,1,1,4,3,2,1
5,1,,1,,2,3,3,2,4,3,4,4,2,1,1,4,4,4,3,3,4,3,3,1
43,,1,1,,1,1,2,1,3,4,4,5,1,2,1,5,5,3,3,3,3,3,3,1
7,1,,,1,3,3,3,3,3,3,5,5,2,2,1,5,5,4,3,4,5,4,5,1
46,1,,,,1,1,3,1,3,3,5,5,2,3,2,5,5,4,4,4,4,4,4,2
54,,,1,,2,3,3,2,5,4,4,4,1,2,2,5,3,4,3,3,4,4,4,2
9,,1,1,,1,1,1,1,3,4,4,4,1,2,2,4,5,4,3,4,4,4,4,1
55,,,1,,4,3,3,3,3,3,3,4,2,2,1,5,5,3,3,3,3,3,3,2
42,1,,1,,1,2,3,3,5,4,4,5,3,3,2,5,5,4,3,5,5,5,5,1
39,,1,1,,1,1,2,1,5,5,5,5,2,3,2,4,4,4,4,4,5,4,4,2
40,1,1,1,,1,1,3,2,2,4,5,5,2,3,2,4,5,5,5,5,5,5,5,1
42,1,1,1,,1,1,1,1,5,5,5,5,5,2,2,4,4,4,4,4,4,4,4,1
52,1,1,1,,2,3,4,2,2,3,4,4,2,4,2,4,4,2,4,4,2,2,2,1
23,,,1,,1,1,2,2,2,4,3,4,2,3,1,4,3,4,2,2,4,2,2,2
48,1,,1,1,2,3,2,2,3,4,4,4,2,4,2,4,4,3,4,4,4,4,4,1
54,,,1,,4,2,3,2,3,4,4,5,4,2,1,5,4,4,2,4,4,2,4,1
22,1,1,1,,2,2,3,2,2,3,4,4,4,4,4,2,2,4,3,3,3,3,3,
17,1,1,1,,1,1,1,1,5,5,5,5,2,2,2,4,4,4,4,5,4,4,4,1
66,1,1,1,,1,1,2,1,4,4,3,5,3,4,2,4,4,3,2,3,3,3,3,2
63,,,1,,1,1,1,1,1,5,5,5,4,3,2,5,5,5,3,4,4,4,4,1
8,1,,1,,1,1,2,1,4,3,3,5,1,2,1,4,5,2,3,4,2,4,4,1
16,1,,1,,4,3,4,2,3,3,4,4,2,3,2,4,3,4,4,4,4,4,4,2
59,,,,,4,3,4,3,3,4,5,3,2,3,1,5,4,2,2,2,2,2,2,2
43,1,,,,2,2,3,4,3,4,4,4,3,3,3,4,4,2,3,3,4,4,4,2
36,1,1,1,,1,1,3,1,5,4,4,4,1,4,3,4,4,5,5,5,5,3,5,2
2,1,1,1,,2,2,4,4,4,4,4,4,4,4,2,4,4,,,,,,,2
59,1,,1,,1,1,3,2,3,3,4,3,2,2,2,5,4,4,3,3,3,3,3,1
7,,,,,4,3,3,3,3,3,3,4,4,3,2,4,4,3,3,3,3,3,3,2
2,1,,,,2,2,2,1,4,4,4,4,4,3,2,4,4,4,4,4,4,2,4,2
20,1,1,1,,2,4,2,2,3,4,4,4,2,5,3,3,3,4,3,5,5,3,4,2
17,,,1,,1,1,2,2,3,4,3,4,2,2,2,4,4,3,4,4,3,3,3,1
50,1,,1,,2,1,2,3,3,4,5,5,1,2,1,5,5,2,3,3,4,3,3,2
41,1,1,1,,3,3,3,3,3,3,3,3,3,3,1,5,5,4,3,4,4,3,4,1
17,1,1,1,,4,4,5,4,2,1,4,2,1,3,4,4,3,3,3,3,3,3,3,1
63,1,,1,,1,3,3,3,4,4,5,3,4,3,2,5,5,3,2,2,2,2,2,1
19,,,,,4,4,4,,4,4,4,4,3,4,5,4,5,4,4,3,4,4,4,2
68,1,,1,,2,1,3,2,3,4,5,5,1,1,1,5,5,2,3,3,5,5,5,1
29,1,,1,1,1,2,4,2,3,3,4,5,4,3,4,4,2,3,3,4,3,3,4,2
49,,,1,1,1,1,1,1,4,5,5,5,1,1,1,5,5,3,3,3,3,3,3,1
42,1,,1,,2,2,2,3,4,4,5,5,3,3,2,3,4,4,3,3,3,3,3,1
43,1,,1,,3,2,3,2,3,3,3,2,2,2,2,4,4,4,3,4,4,3,4,1
10,1,,,,2,3,4,3,2,4,5,5,1,4,1,5,5,5,4,4,5,3,3,2
19,,1,,,4,3,3,2,4,4,4,4,2,3,2,4,4,2,2,2,2,2,2,2
26,1,,1,,2,1,3,3,3,4,4,5,1,3,1,5,4,4,3,4,3,3,3,1
68,,,,,3,2,3,2,4,4,4,5,2,3,2,4,4,4,3,4,4,3,3,2
43,1,,1,,1,1,3,1,4,,,,,,,,,,,,,,,
42,1,1,1,,1,1,2,1,5,5,5,5,2,3,2,5,5,5,3,5,5,5,5,1
42,1,1,1,1,1,3,4,1,4,4,5,5,2,3,2,5,5,4,2,3,1,1,1,1
39,,,,,3,1,4,3,3,4,4,3,4,3,3,4,3,2,1,1,4,1,1,2
25,1,,1,,2,2,3,3,3,3,3,3,3,3,3,3,3,3,3,3,3,3,3,2
7,1,,1,,2,1,3,4,3,4,4,5,2,1,1,5,4,4,3,4,4,3,4,1
57,1,1,1,,3,2,3,4,3,4,4,4,3,2,2,4,4,3,4,4,4,4,4,1
24,,,,,2,4,5,3,2,2,4,4,4,3,4,2,4,5,4,4,2,2,2,2
44,1,,1,,1,2,2,2,4,4,5,4,1,3,3,4,3,5,3,5,5,3,3,1
43,1,1,1,,1,1,2,1,3,3,4,4,2,3,2,4,5,4,3,4,4,3,3,1
29,1,1,,,2,3,4,4,2,3,4,4,4,4,1,4,4,4,2,4,4,2,4,2
2,1,,1,,2,1,3,2,3,3,3,3,3,3,3,3,3,3,3,3,3,3,3,2
5,1,,1,,3,1,2,3,3,4,5,4,3,4,3,4,4,4,4,4,3,3,3,1
10,,,1,,3,3,2,2,3,4,5,5,2,3,2,4,5,4,3,4,4,2,4,1
24,,,1,,2,2,5,2,3,3,3,5,2,3,2,5,5,,,,,,,2
10,,,1,,1,3,3,3,3,3,3,4,2,3,2,4,4,3,3,3,3,3,3,1
43,1,1,1,,2,2,3,2,2,3,3,3,3,2,2,4,3,4,3,3,4,3,3,1
62,,,1,,1,1,3,1,4,4,5,5,1,2,1,5,5,4,4,3,3,4,3,2
42,1,1,1,,1,1,3,2,1,4,5,4,2,4,2,5,4,4,2,4,4,4,3,2
9,1,,1,,3,2,3,1,5,5,5,5,1,3,1,5,5,5,4,5,5,3,5,1
9,,,1,,5,4,3,2,5,5,4,4,1,4,1,5,4,4,4,4,5,3,3,2
16,1,,1,,1,3,4,4,4,4,4,4,2,3,2,3,4,2,2,2,3,3,3,2
37,1,,1,,5,3,4,1,5,4,5,3,2,2,1,5,4,5,2,2,4,4,3,2
17,1,,1,,3,2,3,1,3,2,4,3,4,4,2,3,4,2,2,4,2,2,4,2
19,1,1,,,1,1,2,1,5,5,4,5,1,3,2,5,5,4,4,4,5,5,5,1
6,1,,,,2,1,3,2,4,5,5,5,3,4,2,3,2,3,1,2,1,1,1,1
51,,1,1,,2,2,2,2,3,3,4,5,4,1,2,5,5,3,3,3,3,3,3,1
10,1,,1,,3,1,2,1,3,4,5,4,2,3,2,5,4,5,4,5,5,4,4,2
59,1,1,1,,,,,,,,,,,,,,,,,,,,,
52,1,,1,1,5,4,4,3,2,2,4,3,4,2,2,5,5,2,2,2,2,2,2,1
42,1,1,1,,1,1,1,1,4,4,5,5,1,1,1,5,5,4,3,5,5,4,5,1
1,,,,,1,1,3,1,4,4,4,4,1,1,1,5,5,2,3,3,4,4,3,2
3,,,1,,3,2,4,4,2,4,4,3,2,4,3,4,4,4,1,5,4,1,3,1
10,,,1,,4,3,4,2,2,3,4,4,2,3,3,4,4,4,3,4,4,3,4,2
9,1,,1,,2,2,3,1,4,5,5,5,5,4,5,5,5,4,4,5,4,4,4,1
5,1,,1,,4,3,5,4,3,4,5,5,3,3,3,4,5,5,3,3,5,3,3,1
6,1,,1,,3,2,3,2,3,4,4,4,2,3,2,4,4,3,3,3,4,4,4,1
43,1,1,,,1,3,4,1,3,4,5,1,2,5,1,4,2,5,3,3,3,3,4,2
7,1,,1,1,4,2,2,1,3,4,5,5,4,2,1,5,5,4,3,4,5,5,5,1
17,1,,1,,1,1,1,4,3,3,3,5,1,1,1,5,5,4,3,5,4,3,5,1
9,,1,1,,3,2,3,4,2,2,4,4,2,3,2,4,3,4,3,4,4,2,3,1
58,1,,1,1,2,1,2,1,3,4,4,4,1,3,2,4,5,3,4,3,4,3,4,1
25,1,,1,,3,3,3,1,3,2,4,4,2,3,2,4,4,3,3,3,5,3,3,2
10,,,1,,2,1,3,2,4,4,5,5,1,2,1,5,5,3,3,4,3,3,4,1
69,1,,1,,1,1,2,1,5,4,5,5,2,4,2,5,3,2,4,4,5,5,5,1
13,,,1,,4,2,3,5,3,4,5,5,2,5,2,5,5,3,3,3,4,4,4,1
55,,,,,4,4,4,3,2,2,4,4,2,3,4,4,3,3,3,3,3,3,3,2
17,1,,1,,3,1,2,2,4,4,4,5,1,4,1,4,4,4,4,4,4,4,4,1
10,1,,1,,2,2,4,2,2,4,5,4,2,1,1,5,5,2,4,4,4,4,4,1
10,1,,1,,2,1,2,1,3,4,3,5,1,1,1,5,5,4,4,4,5,5,5,2
63,1,,1,1,3,2,2,2,3,3,4,5,2,3,1,5,5,3,3,4,5,4,4,1
55,,,1,,1,1,2,3,3,4,5,4,3,3,3,3,3,4,4,5,2,4,3,2
16,1,,1,1,1,1,1,1,3,4,5,5,2,3,2,5,5,5,5,5,5,5,5,1
62,,,,,4,2,4,4,4,4,4,4,4,4,2,4,4,,,,,,,
63,,,,,,,,,,,,,,,,,,,,,,,,
2,,,,,2,2,4,2,3,3,3,3,3,3,3,3,3,,,,,,,
16,,,,,,,,,,,,,,,,,,,,,,,,
53,,,,,3,3,4,3,2,4,5,4,2,3,1,4,5,4,5,4,4,5,4,
5,,,1,,2,2,3,1,3,4,3,5,2,4,4,4,4,4,4,4,4,2,3,1
41,1,,1,,1,1,1,1,5,5,4,5,1,3,3,5,4,4,5,5,5,5,5,2
52,,,1,,3,3,4,2,3,3,4,3,4,4,2,4,3,4,3,4,2,3,3,2
55,1,1,,1,,,,,,,,,,,,,,,,,,,,
46,,,,,,,,,,,,,,,,,,,,,,,,
15,,,,,,,,,,,,,,,,,,,,,,,,
63,,,,,,,,,,,,,,,,,,,,,,,,
10,,,,,,,,,,,,,,,,,,,,,,,,
41,,,,,,,,,,,,,,,,,,,,,,,,
29,,,1,,1,3,3,2,5,5,4,5,1,3,1,5,5,4,4,4,5,3,3,2
24,,1,,,,,,,,,,,,,,,,,,,,,,
63,,,1,,3,1,3,2,4,4,4,5,3,4,2,4,4,4,4,4,5,4,4,2
17,1,1,1,1,2,2,2,4,4,4,4,4,3,4,3,3,3,4,4,4,4,3,4,1
54,1,,1,,1,1,3,4,2,3,4,4,4,4,2,4,4,2,3,3,3,3,3,1
49,1,,1,,2,2,3,1,4,4,5,4,2,3,2,4,4,3,2,3,3,3,3,1
54,,,,,,,,,,,,,,,,,,,,,,,,
54,,,1,,2,2,2,2,3,4,4,4,2,3,2,4,4,2,2,2,2,2,2,1
15,,,1,,1,1,3,4,4,3,3,5,3,2,1,5,5,1,3,3,1,3,3,1
45,,,,,2,2,3,,3,3,3,4,2,2,2,4,4,2,2,2,2,2,2,2
43,,,,,,,,,,,,,,,,,,,,,,,,
13,1,,1,,2,1,3,2,3,3,4,5,4,4,2,5,5,3,2,3,2,2,2,2
51,1,1,1,,4,4,3,1,2,2,5,4,1,3,2,4,5,5,4,4,5,4,4,1
41,1,1,1,,3,3,3,3,3,4,4,4,2,2,2,4,4,4,4,4,4,4,4,1
63,,,1,,3,3,3,5,4,,,,,,,,,4,3,4,4,4,4,1
67,1,,,,2,2,4,1,3,4,4,4,2,3,2,4,4,4,2,2,4,4,4,2
55,1,,1,,2,2,2,3,2,2,4,5,1,2,1,5,4,2,2,4,2,1,3,
45,1,,1,,3,3,2,1,2,3,4,4,3,3,1,4,5,,,,,,,
12,1,1,1,,4,2,3,3,3,3,4,4,3,4,2,4,4,3,2,3,3,4,3,2
19,,,,,,,,,,,,,,,,,,,,,,,,
12,1,,1,,5,4,4,2,2,3,4,4,3,4,3,3,4,5,4,4,4,4,4,2
29,,,,,,,,,,,,,,,,,,,,,,,,
42,1,1,1,,4,4,3,2,2,2,4,4,2,4,2,4,4,3,3,3,2,2,2,1
14,,,,,1,1,1,2,3,3,4,5,4,4,4,4,5,3,3,3,3,3,3,
69,1,1,,,3,2,2,4,4,3,4,5,3,3,3,5,4,4,3,4,4,4,4,
41,1,,,,3,3,3,2,3,3,4,5,3,3,1,5,4,2,2,3,3,3,3,1
17,1,,1,,2,2,1,3,3,3,4,2,2,4,2,4,4,4,4,3,3,2,2,
10,,,,,1,1,3,2,5,5,4,5,1,2,1,5,5,3,4,4,4,4,4,
17,1,,1,,2,2,2,2,3,4,4,5,3,3,2,5,5,4,4,4,4,4,4,1
24,,1,1,,4,2,3,2,3,4,5,3,2,1,2,4,5,4,3,3,5,3,3,1
49,,1,1,,1,2,4,1,4,4,4,3,4,4,4,5,3,2,1,4,4,1,5,2
17,1,,1,,2,2,2,2,3,3,4,4,2,3,2,4,4,3,2,4,2,2,2,1
63,1,,1,1,2,2,3,2,4,4,5,4,2,2,1,5,5,4,4,5,5,5,5,1
64,,,1,,1,1,3,1,2,3,5,4,4,3,2,4,3,4,3,2,2,2,2,1
6,,,,,2,2,2,1,3,3,4,5,2,2,1,5,5,5,5,4,4,4,4,1
51,,,1,,3,2,3,1,4,4,5,3,1,2,1,4,5,5,1,2,3,1,1,2
63,1,1,1,,2,1,4,1,5,4,4,5,2,4,2,4,4,4,4,4,4,4,4,1
29,1,,,,2,3,3,2,4,4,4,4,2,3,2,4,3,3,2,4,3,3,3,
63,,1,1,,2,1,3,1,4,4,5,5,1,4,4,4,5,5,4,4,5,5,5,1
43,1,,1,,4,4,4,2,2,4,4,4,1,4,1,5,4,4,2,4,2,2,2,2
17,,,,,,,,,,,,,,,,,,,,,,,,
25,1,1,1,,4,2,2,4,3,3,4,4,4,5,4,2,2,1,3,2,1,3,3,2
17,1,1,1,1,3,3,4,5,4,4,5,5,2,2,2,4,4,4,2,4,4,2,2,1
51,,1,,,1,1,3,1,2,3,3,5,1,4,1,4,5,3,3,3,3,3,3,2
63,,,,,4,2,1,2,2,4,4,3,2,4,4,4,4,4,3,4,2,2,4,1
13,,,1,,4,3,2,3,3,3,3,4,2,4,1,4,4,2,3,3,2,3,3,1
55,1,1,1,,3,2,4,2,3,4,4,4,2,4,2,4,4,4,2,4,3,3,3,2
43,1,,1,,4,4,5,4,4,5,3,4,4,5,4,4,3,5,4,4,4,4,4,2
42,1,1,1,,1,2,2,3,4,4,4,4,2,2,2,4,4,4,4,4,4,4,4,1
57,1,1,1,,,,,,,,,,,,,,,,,,,,,
66,1,1,1,,1,1,2,1,4,4,5,4,1,2,2,4,4,4,3,4,4,2,4,1
52,1,1,1,,3,3,3,3,3,3,3,5,2,2,1,5,4,4,4,4,3,3,3,1
1,,,,,,,,,,,,,,,,,,,,,,,,
52,,,,,,,,,,,,,,,,,,,,,,,,
1,1,,1,,2,1,1,4,3,4,4,4,2,5,2,4,5,4,4,4,3,3,4,1
26,,,,,,,,,,,,,,,,,,,,,,,,
69,,,,,,,,,,,,,,,,,,,,,,,,
10,,,,,,,,,,,,,,,,,,,,,,,,
17,,,1,,3,3,3,2,4,5,5,5,4,3,3,5,4,4,3,4,4,3,4,1
10,,,,,,,,,,,,,,,,,,,,,,,,
55,,,1,,4,3,3,4,2,4,5,4,3,4,2,3,4,3,3,3,3,3,3,2
69,1,1,1,,3,1,3,2,3,3,5,5,2,2,2,5,4,4,4,4,5,4,4,1
46,1,,1,,3,4,3,1,3,4,5,5,2,2,3,4,4,3,3,4,5,5,4,2
42,1,,,,1,1,2,2,3,4,4,3,2,3,2,4,4,4,3,3,3,3,3,1
49,,,,,,,,,,,,,,,,,,,,,,,,
43,1,,1,,,,,,,,,,,,,,,,,,,,,
11,1,,1,,2,2,4,1,4,4,4,5,2,3,2,4,4,4,3,4,4,4,4,1
9,,,1,,3,3,3,3,3,3,3,3,3,3,3,3,3,3,3,3,3,3,3,1
45,1,,1,,3,2,3,3,3,3,4,4,3,4,2,4,4,3,3,3,3,3,3,2
52,1,1,,,5,3,4,3,5,4,4,4,3,5,3,4,3,2,2,4,3,2,4,
41,1,1,1,,2,2,3,2,3,3,5,4,3,2,2,4,4,4,3,4,4,3,4,1
41,1,,,,4,4,3,3,4,4,4,4,2,3,3,4,4,4,4,4,4,3,3,1
31,1,,,,1,2,3,2,3,4,5,5,1,1,1,5,5,2,4,2,2,4,2,2
25,,,,,,,,,,,,,,,,,,,,,,,,
16,,,,,,,,,,,,,,,,,,,,,,,,
39,,1,,,1,1,2,1,2,2,1,1,5,4,1,5,5,3,4,4,4,5,5,2
23,,,,,3,3,3,3,3,3,3,3,3,3,3,3,3,1,1,1,1,1,1,
43,1,1,1,,2,1,2,3,3,3,3,3,3,3,2,4,4,3,3,3,3,3,3,1
13,,,,,,,,,,,,,,,,,,,,,,,,
18,,,,,4,4,4,3,3,4,4,5,4,3,2,4,3,3,3,3,3,3,3,2
63,1,1,1,,1,1,2,1,5,5,5,5,2,2,1,5,5,5,5,5,4,3,4,1
19,1,1,1,,1,1,1,1,3,4,4,5,2,3,2,3,3,3,3,4,4,5,4,2
39,,,1,,2,2,2,2,4,3,4,3,3,3,4,4,3,2,4,4,3,3,2,2
39,,,1,,3,2,3,2,5,4,5,5,3,4,2,4,4,5,4,5,5,5,5,1
2,1,,1,,2,4,4,4,5,4,5,3,2,2,1,3,3,4,4,4,5,1,1,2
48,1,1,1,,3,3,3,3,3,3,4,4,2,3,2,4,3,4,4,4,4,4,4,1
12,1,,1,,4,4,4,4,4,4,4,4,4,4,4,4,4,4,4,4,4,4,4,2
9,,1,1,,1,1,3,2,3,3,4,4,1,3,1,5,3,3,2,2,4,1,2,2
62,,,1,,3,3,5,2,5,4,4,4,2,3,1,5,4,2,2,4,4,2,4,2
43,1,1,1,,3,3,3,2,4,3,2,4,1,4,2,5,5,3,3,4,4,3,3,2
54,,,1,,4,3,3,3,3,3,3,5,2,2,2,4,4,3,3,3,4,4,4,1
9,1,,1,,3,3,3,3,3,3,3,3,3,3,3,3,3,3,3,3,3,3,3,1
54,1,,1,,2,1,2,1,4,4,4,5,2,2,1,5,4,4,4,4,5,5,5,1
1,1,,1,,3,4,4,2,3,3,3,3,3,4,2,5,5,4,4,4,3,3,3,1
10,1,,1,,1,1,2,1,4,5,5,5,1,2,1,5,5,4,2,4,3,1,2,1
62,,,1,,2,2,4,2,3,4,4,4,2,4,2,3,4,3,2,4,3,2,4,2
10,,,1,,3,2,2,4,4,3,3,3,3,3,3,3,3,4,3,3,3,3,3,1
19,,,1,1,3,2,3,2,3,3,3,4,2,3,2,4,3,2,2,2,2,2,2,2
15,,,1,,2,1,2,2,5,5,4,5,4,4,3,4,4,4,2,4,4,2,3,2
18,1,,1,,3,2,4,3,4,4,4,4,3,3,2,4,4,4,3,4,4,3,4,2
39,,1,1,1,4,5,4,3,1,2,3,2,1,2,3,4,4,3,2,4,3,2,4,1
19,1,1,,,1,1,2,2,3,4,4,4,2,3,2,4,4,4,4,3,4,2,3,2
52,,,1,,2,2,4,4,3,3,3,3,3,3,2,4,4,4,3,3,3,3,3,2
16,1,,,,3,2,4,2,5,2,5,4,1,1,1,4,2,2,4,2,2,2,2,2
10,,1,1,,2,3,3,2,3,3,4,4,2,4,2,4,5,4,4,4,4,4,4,1
25,1,,1,,3,3,3,3,3,4,4,5,1,1,1,5,5,5,5,5,5,5,5,2
1,1,,1,,3,4,3,2,3,4,4,5,2,3,3,4,5,4,3,3,3,3,3,2
39,,,,,1,1,3,1,3,4,4,5,4,4,1,5,4,3,3,3,3,3,3,2
33,,,1,1,4,2,4,2,4,3,4,4,2,3,2,4,4,3,2,4,3,2,2,1
46,1,,,,3,3,3,3,3,4,3,4,4,3,3,4,4,4,3,4,4,4,4,2
55,1,,,,4,3,4,3,3,2,4,4,1,3,2,4,5,2,2,2,4,2,2,2
13,1,,1,,3,2,2,2,4,4,4,4,4,3,2,4,3,4,4,4,4,4,4,2
36,1,,1,,2,2,3,4,4,4,4,4,2,4,3,3,4,4,3,3,3,3,3,2
29,1,,,,2,1,3,1,3,4,4,5,2,3,1,5,4,5,4,4,5,5,5,2
15,,,1,,1,1,3,3,5,4,4,4,3,3,2,4,4,4,4,4,4,4,4,2
64,1,,1,,,,,,,,,,,,,,,,,,,,,1
29,1,,1,,,,,,,,,,,,,,,,,,,,,2
29,,1,1,,1,2,5,3,3,2,3,4,1,3,1,5,5,3,3,3,3,3,3,2
63,,,1,,3,3,3,3,3,3,3,3,3,3,3,3,3,3,3,3,3,3,3,2
62,1,,1,,1,2,4,2,4,4,1,1,2,5,2,3,2,3,3,3,2,1,3,1
6,1,,1,,2,2,2,1,2,3,4,4,2,2,1,5,4,3,4,4,3,4,4,1
51,1,1,1,,4,4,5,2,4,3,3,5,1,1,3,4,4,3,3,3,4,3,3,2
15,1,,,,1,2,4,3,1,1,5,3,2,4,1,5,4,4,4,4,5,1,1,2
38,1,,,,3,2,4,2,3,3,4,4,2,3,2,3,4,4,3,3,3,4,4,1
16,,,1,,3,3,2,3,4,5,5,5,1,3,2,4,5,3,4,4,2,3,3,2
30,1,,,,3,3,3,3,3,3,3,3,3,3,3,3,3,3,3,3,3,3,3,2
37,,,,,2,2,3,2,3,3,5,4,2,3,2,3,3,4,4,4,3,3,4,2
1,1,,1,,1,3,3,1,3,4,4,4,4,3,2,5,5,5,3,4,4,4,4,2
31,,,1,,3,3,3,3,3,4,4,4,2,4,3,4,4,4,4,4,4,2,2,2
32,1,,1,,1,1,2,1,4,5,5,5,1,1,1,5,5,4,3,5,5,5,5,2
55,1,,1,,1,3,3,2,3,4,3,5,3,2,2,4,3,3,3,3,5,5,5,2
29,1,,,,3,2,3,2,4,4,4,4,3,3,1,5,,4,4,4,3,3,3,2
10,,,1,,1,2,2,2,3,3,4,4,1,2,1,5,5,5,4,4,4,4,4,1
10,1,,1,,2,1,1,2,4,4,5,4,2,3,2,5,4,3,2,3,3,2,3,2
2,,,1,,2,3,3,2,3,2,4,3,2,4,3,3,3,4,3,2,4,2,2,2
31,,,1,,2,1,1,1,3,3,4,5,2,2,2,5,5,3,3,3,5,4,5,1
54,1,,,,1,1,3,1,3,4,4,4,3,1,1,5,5,4,4,4,4,3,3,1
9,,,1,,3,3,3,3,4,4,4,4,1,3,1,5,5,5,4,4,5,5,5,1
9,,,,,2,2,2,2,3,3,4,5,1,4,3,4,4,4,3,3,3,3,3,1
62,1,,,,1,1,3,2,3,4,3,5,2,2,2,4,5,3,3,3,5,4,3,2
16,1,,1,,5,5,4,4,2,2,5,4,4,4,2,5,1,5,3,3,3,1,1,2
2,1,,,,1,3,2,2,2,2,4,4,3,4,2,4,3,1,1,1,1,1,1,1
54,,,1,,2,2,2,2,4,3,4,4,2,3,3,4,2,3,2,3,2,2,2,2
51,1,1,,1,,,,,,,,,,,,,,,,,,,,
19,,,,,2,1,3,1,4,4,4,3,1,3,2,4,4,2,2,2,2,3,2,2
39,,1,1,,2,2,2,2,4,4,5,4,2,3,2,5,5,4,4,4,4,4,4,1
5,,1,1,,2,1,1,2,4,4,4,5,2,2,2,5,5,4,4,5,5,4,4,1
17,1,1,1,,3,3,4,3,3,4,4,5,2,2,2,4,5,3,3,4,3,3,3,2
15,1,1,1,,3,3,4,3,2,3,5,4,3,3,1,5,4,3,3,3,3,3,3,1
63,,,,,2,2,3,1,4,4,5,3,1,3,1,5,5,2,3,3,2,4,4,1
63,,,,,2,3,3,4,3,3,4,5,4,4,4,4,3,4,4,3,4,3,4,1
51,1,1,1,,2,2,2,4,2,3,3,3,3,3,1,4,4,3,3,3,3,3,3,2
52,1,,,,2,1,3,2,4,4,3,4,2,4,3,2,3,4,2,3,3,1,1,1
16,1,,1,,2,2,3,2,3,4,3,5,3,3,2,2,5,4,3,4,5,5,5,2
9,,,,,1,,3,1,3,4,5,4,1,2,2,4,5,2,4,3,4,4,3,2
1,,,1,,2,2,3,1,3,3,3,3,2,3,2,5,4,,,,,,,
26,,,,,3,1,2,2,5,4,5,5,2,2,1,5,5,5,3,4,4,3,4,1
6,1,,1,1,3,3,3,3,4,3,3,3,3,3,3,4,4,3,2,2,2,2,2,1
38,1,,,,2,2,3,2,3,3,4,5,2,2,2,5,4,2,4,3,2,2,2,2
16,1,1,1,,2,2,3,2,3,3,4,5,2,2,1,5,5,4,4,4,4,4,4,2
21,1,,1,,4,4,4,4,4,4,4,4,4,4,3,3,3,4,4,4,4,4,4,2
9,1,,1,,4,2,4,4,2,3,4,5,2,2,2,4,4,5,3,4,5,4,4,2
23,1,,1,,2,1,3,1,4,5,5,5,2,3,1,4,4,4,3,4,4,2,3,1
1,1,,1,,2,1,3,1,2,4,4,5,4,4,2,3,4,5,5,5,4,4,4,2
66,,1,1,,,,,,,,,,,,,,,,,,,,,
29,,,,,2,2,3,2,3,4,4,5,2,2,1,5,5,4,4,4,4,4,4,2
19,1,1,1,,3,3,3,3,3,3,3,3,3,3,3,3,3,,,,,,,
19,,,,,3,2,3,3,2,3,4,4,4,3,1,4,4,3,4,4,4,4,4,2
37,1,,1,,2,1,3,4,4,4,5,5,1,1,1,5,5,3,4,4,5,4,5,1
9,1,,1,,2,2,3,3,2,3,4,4,2,3,2,4,4,4,3,3,4,3,3,2
43,1,,1,,2,1,2,2,3,3,4,4,2,2,2,4,5,4,4,4,4,4,4,1
54,,,1,,2,3,2,2,4,4,4,5,3,3,2,4,4,,,,,,,
42,,,,,,,,,,,,,,,,,,,,,,,,
63,1,,1,,2,2,3,3,4,4,4,4,3,2,2,5,5,,,,,,,
29,,,,,,,,,,,,,,,,,,,,,,,,
55,1,,,,1,1,2,2,4,3,4,4,2,3,2,4,4,,,,,,,
49,1,,,1,1,1,1,1,5,5,5,5,3,4,1,5,5,,,,,,,
14,1,,1,,,,,,,,,,,,,,,,,,,,,
62,,,1,,,,,,,,,,,,,,,,,,,,,
42,1,1,1,,,,,,,,,,,,,,,,,,,,,
16,1,,,,2,2,3,4,4,4,4,5,2,4,2,4,4,3,4,3,4,4,4,
13,,,,,,,,,,,,,,,,,,,,,,,,
46,,,,,,,,,,,,,,,,,,,,,,,,
9,,,,,,,,,,,,,,,,,,,,,,,,
43,,,,,,,,,,,,,,,,,,,,,,,,
26,1,1,1,,,,,,,,,,,,,,,,,,,,,
19,,,,,,,,,,,,,,,,,,,,,,,,
10,,1,1,,2,2,3,2,3,4,5,4,3,3,2,4,5,4,4,5,5,5,5,
39,,,1,,4,2,2,2,4,4,4,2,2,4,4,4,2,4,4,4,2,2,5,
14,1,,,,,,,,,,,,,,,,,,,,,,,
3,1,1,1,,2,1,3,4,4,4,4,4,2,3,2,4,4,4,4,4,4,3,4,1
17,1,,1,,3,2,3,1,3,3,4,2,1,3,2,4,4,3,2,3,3,2,3,
43,1,,,,4,4,4,4,4,4,4,4,4,4,,,,,,,,,,
2,,,1,,3,3,3,4,5,5,5,1,2,4,2,3,3,,,,,,,
